id,submitdate,lastpage,startlanguage,seed,startdate,datestamp,refurl,ProlificID,SessionID,StudyID,group,Checks,Instruction,VMVE,VMIE,IMVE,IMIE,ComprehensionCheck,SAMontero[ComfortPublic],SAMontero[ComfortPrivate],SAPearson,SAKoelle,ConfidenceKoelle,LocationsRico[parking],LocationsRico[carpark],LocationsRico[servicearea],LocationsRico[pavement],LocationsRico[home],LocationsRico[driving],LocationsRico[passenger],LocationsRico[pub],LocationsRico[workplace],AudiencesRico[alone],AudiencesRico[partner],AudiencesRico[friends],AudiencesRico[colleagues],AudiencesRico[strangers],AudiencesRico[family],Gender,Age,SurveyFinished,interviewtime,groupTime7,ProlificIDTime,SessionIDTime,StudyIDTime,groupTime,ChecksTime,groupTime8,InstructionTime,VMVETime,VMIETime,IMVETime,IMIETime,ComprehensionCheckTime,groupTime10,SAMonteroTime,SAPearsonTime,SAKoelleTime,ConfidenceKoelleTime,LocationsRicoTime,AudiencesRicoTime,groupTime9,GenderTime,AgeTime,SurveyFinishedTime
3,2024-07-22 21:56:16,20,en,1803997515,2024-07-22 21:53:56,2024-07-22 21:56:16,https://app.prolific.com/,,,66978d746fdddabc9c3b2ff4,3,,,,,,,4,5,6,4,4,4,5,5,5,4,5,6,6,6,5,5,4,4,5,5,4,femal,24,,131.15,,,,,,,,8.41,,,20.87,,10.64,,9.66,5.94,5.48,6.14,26.52,21.61,,4.73,6.19,4.96
4,,10,en,557545135,2024-07-22 21:54:13,2024-07-22 21:54:40,https://app.prolific.com/,,,66978d746fdddabc9c3b2ff4,3,,,,,,,,,,,,,,,,,,,,,,,,,,,,,,,17.42,,,,,,,,13.25,,,4.17,,,,,,,,,,,,,
5,2024-07-22 21:57:42,20,en,1506080503,2024-07-22 21:54:27,2024-07-22 21:57:42,https://app.prolific.com/,,,66978d746fdddabc9c3b2ff4,2,,,,,,,2,3,4,4,4,3,3,3,3,3,4,6,6,3,3,4,4,3,3,3,3,femal,37,,193.15,,,,,,,,15.9,,34.96,,,12.04,,15.56,6.58,8.23,8.98,49.06,24.67,,3.88,6.02,7.27
6,2024-07-22 21:57:14,20,en,595371479,2024-07-22 21:54:46,2024-07-22 21:57:14,https://app.prolific.com/,,,66978d746fdddabc9c3b2ff4,3,,,,,,,3,6,6,5,7,7,5,5,5,5,5,6,6,4,5,5,5,5,5,5,5,male,24,,135.38,,,,,,,,33.5,,,23.9,,8.34,,5.64,4.58,5.8,5.29,28.5,10.06,,2.97,3.78,3.02
7,2024-07-22 21:58:22,20,en,1372908743,2024-07-22 21:54:49,2024-07-22 21:58:22,https://app.prolific.com/,,,66978d746fdddabc9c3b2ff4,2,,,,,,,2,6,6,5,7,6,5,5,5,5,6,6,6,6,5,5,5,5,5,5,5,femal,24,,196.82,,,,,,,,16.6,,69.34,,,11.88,,13.61,4.58,6.3,7.53,34.32,15.26,,3.26,7.23,6.91
8,2024-07-22 21:58:46,20,en,249154323,2024-07-22 21:55:07,2024-07-22 21:58:46,https://app.prolific.com/,,,66978d746fdddabc9c3b2ff4,4,,,,,,,4,6,6,5,7,7,5,5,5,5,5,6,6,5,5,5,5,5,5,5,5,male,24,,175.86,,,,,,,,4.45,,,,29.26,12.49,,9.16,6.14,7.93,8.32,58.94,22.23,,3.92,5.29,7.73
9,2024-07-22 21:56:54,20,en,657035123,2024-07-22 21:55:17,2024-07-22 21:56:54,https://app.prolific.com/,,,66978d746fdddabc9c3b2ff4,1,,,,,,,1,6,6,5,7,7,5,5,5,5,5,5,5,5,5,5,5,5,5,5,5,male,38,,100.1,,,,,,,,10.88,25.88,,,,7.85,,6.36,4.66,4.45,3.46,17.77,8.74,,3.35,3.87,2.83
10,2024-07-22 21:58:28,20,en,1961971334,2024-07-22 21:55:18,2024-07-22 21:58:28,https://app.prolific.com/,,,66978d746fdddabc9c3b2ff4,4,,,,,,,4,6,6,5,7,7,5,5,5,5,5,6,6,6,5,5,5,5,5,5,5,femal,42,,183.36,,,,,,,,10.48,,,,59.15,10.9,,8.53,5.73,8.78,6.9,42.52,16.11,,3.94,6.52,3.8
11,2024-07-22 21:59:04,20,en,29487492,2024-07-22 21:55:42,2024-07-22 21:59:04,https://app.prolific.com/,,,66978d746fdddabc9c3b2ff4,3,,,,,,,3,6,6,5,7,7,5,5,5,5,5,6,6,5,5,5,5,5,5,5,5,femal,37,,185.36,,,,,,,,12.2,,,43.8,,8.64,,7.42,5.28,6.34,5.99,31.64,18.37,,6.08,14.78,24.82
12,2024-07-22 21:58:39,20,en,1170314461,2024-07-22 21:55:42,2024-07-22 21:58:39,https://app.prolific.com/,,,66978d746fdddabc9c3b2ff4,3,,,,,,,3,6,6,5,7,7,5,5,5,5,5,6,6,5,5,3,5,5,5,3,5,femal,53,,169.58,,,,,,,,50.78,,,27.91,,10.23,,7.47,6.14,4.04,4.04,31.27,14.07,,3.45,6.52,3.66
13,2024-07-22 22:00:19,20,en,1667689950,2024-07-22 21:56:06,2024-07-22 22:00:19,https://app.prolific.com/,,,66978d746fdddabc9c3b2ff4,3,,,,,,,3,6,6,5,7,7,5,4,5,4,5,6,6,5,5,4,5,5,5,4,5,femal,43,,168.07,,,,,,,,17.93,,,6.68,,17.54,,10.02,7.17,7.95,5.3,54.16,25.2,,5.6,5.72,4.8
14,2024-07-22 22:04:31,20,en,600463240,2024-07-22 21:56:13,2024-07-22 22:04:31,https://app.prolific.com/,,,66978d746fdddabc9c3b2ff4,1,,,,,,,1,6,6,5,7,7,5,5,5,5,5,6,6,5,5,5,5,5,5,5,5,male,51,,201.53,,,,,,,,14.11,35.61,,,,14.58,,12.1,7.94,5.65,8.13,58.95,21.19,,7.56,8.19,7.52
15,2024-07-22 22:03:43,20,en,870227406,2024-07-22 21:56:56,2024-07-22 22:03:43,https://app.prolific.com/,,,66978d746fdddabc9c3b2ff4,1,,,,,,,1,6,6,5,7,7,5,5,5,5,5,6,6,5,5,6,5,5,5,5,5,femal,34,,261.43,,,,,,,,122.86,7.22,,,,47.01,,5.59,4.65,4.91,3.99,36.43,20.11,,3.04,3.14,2.48
16,2024-07-22 21:59:12,20,en,913441743,2024-07-22 21:57:05,2024-07-22 21:59:11,https://app.prolific.com/,,,66978d746fdddabc9c3b2ff4,1,,,,,,,1,6,6,5,7,7,5,5,5,5,5,6,6,6,5,5,5,5,5,5,5,femal,30,,109.31,,,,,,,,12.89,23.46,,,,15.12,,4.83,4.85,4.39,3.97,21.11,8.75,,3.58,3.37,2.99
17,2024-07-22 21:59:44,20,en,1388164175,2024-07-22 21:57:06,2024-07-22 21:59:44,https://app.prolific.com/,,,66978d746fdddabc9c3b2ff4,4,,,,,,,4,6,6,5,7,7,5,5,5,5,5,6,6,5,5,5,5,5,5,5,5,femal,31,,156.89,,,,,,,,14.37,,,,37.92,11.59,,9.36,5.26,4.64,6.18,32.54,18.61,,4.93,6.26,5.23
18,2024-07-22 21:59:47,20,en,131264877,2024-07-22 21:57:08,2024-07-22 21:59:47,https://app.prolific.com/,,,66978d746fdddabc9c3b2ff4,2,,,,,,,2,5,5,1,6,6,5,5,5,5,6,6,6,6,6,5,5,5,5,5,5,femal,25,,157.23,,,,,,,,17.42,,22.52,,,8.52,,10.89,6.42,10.03,13.76,47.11,10.07,,3.43,3.73,3.33
19,2024-07-22 21:59:52,20,en,544219454,2024-07-22 21:57:36,2024-07-22 21:59:52,https://app.prolific.com/,,,66978d746fdddabc9c3b2ff4,1,,,,,,,2,6,6,5,4,5,5,5,5,5,5,5,5,5,5,5,5,5,5,5,5,male,23,,130.95,,,,,,,,2.65,26.31,,,,14.99,,9.64,8.55,6.63,6.09,20.72,22.37,,5.22,4.37,3.41
20,2024-07-22 22:04:45,20,en,1914811334,2024-07-22 21:57:46,2024-07-22 22:04:45,https://app.prolific.com/,,,66978d746fdddabc9c3b2ff4,1,,,,,,,1,6,4,5,7,7,5,5,5,5,5,6,6,6,5,5,5,5,5,2,5,femal,35,,418.23,,,,,,,,18.86,25.55,,,,289.18,,6.92,4.66,5.06,3.71,25.56,13.91,,5.63,4.91,14.28
21,2024-07-22 21:59:58,20,en,410872080,2024-07-22 21:57:58,2024-07-22 21:59:58,https://app.prolific.com/,,,66978d746fdddabc9c3b2ff4,2,,,,,,,2,6,6,5,7,7,5,5,5,5,5,6,6,6,6,5,5,5,5,5,5,femal,28,,115.71,,,,,,,,10.55,,34.67,,,5.55,,5.72,4.61,5.28,5.02,24.14,11.06,,3.16,4,1.95
22,2024-07-22 22:00:50,20,en,109866512,2024-07-22 21:58:43,2024-07-22 22:00:50,https://app.prolific.com/,,,66978d746fdddabc9c3b2ff4,4,,,,,,,4,6,6,5,7,7,5,5,5,3,5,3,6,6,6,5,5,5,5,5,5,femal,46,,122.84,,,,,,,,4.85,,,,32.41,6.97,,6.65,6.22,4.58,4.56,30.36,15.31,,4.5,4.12,2.31
23,2024-07-22 22:01:58,20,en,1702413991,2024-07-22 21:58:52,2024-07-22 22:01:58,https://app.prolific.com/,,,66978d746fdddabc9c3b2ff4,3,,,,,,,4,6,6,3,4,3,3,3,3,3,3,6,6,6,3,5,5,3,3,3,3,femal,42,,178.27,,,,,,,,14.38,,,26.14,,14.59,,13.63,7.08,9.25,10.54,44.95,24.57,,6.35,5.02,1.77
24,2024-07-22 22:01:53,20,en,2060502421,2024-07-22 21:58:52,2024-07-22 22:01:53,https://app.prolific.com/,,,66978d746fdddabc9c3b2ff4,3,,,,,,,3,6,6,5,7,7,5,5,5,5,5,6,6,5,6,5,5,5,5,5,5,femal,29,,165.07,,,,,,,,15.8,,,33.76,,19.8,,10.3,4.38,8.53,8,35.1,16.48,,5.08,4.55,3.29
25,2024-07-22 22:00:48,20,en,426701011,2024-07-22 21:59:11,2024-07-22 22:00:48,https://app.prolific.com/,,,66978d746fdddabc9c3b2ff4,2,,,,,,,2,6,6,5,7,7,5,5,5,5,5,6,6,6,5,5,5,5,5,5,5,femal,26,,96.83,,,,,,,,7.98,,21.11,,,7.38,,8.41,4.92,3.53,3.66,21.49,7.84,,3.99,3.96,2.56
26,2024-07-22 22:04:46,20,en,749975151,2024-07-22 21:59:11,2024-07-22 22:04:46,https://app.prolific.com/,,,66978d746fdddabc9c3b2ff4,2,,,,,,,2,2,6,2,1,1,2,2,3,1,5,6,6,1,1,5,5,2,2,1,4,male,66,,323.57,,,,,,,,30.96,,60.04,,,43.68,,23.09,13.52,13.56,10.7,72.13,32.74,,6,8.51,8.64
27,2024-07-22 22:02:54,20,en,1228843687,2024-07-22 21:59:30,2024-07-22 22:02:54,https://app.prolific.com/,,,66978d746fdddabc9c3b2ff4,4,,,,,,,4,5,5,3,6,6,5,4,5,2,5,4,2,5,3,5,2,2,2,5,2,male,47,,196.17,,,,,,,,11.83,,,,41.22,17.72,,17.06,7.56,6.65,9.04,38.62,24.93,,7.86,8.56,5.12
28,2024-07-22 22:03:31,20,en,677200264,2024-07-22 21:59:36,2024-07-22 22:03:31,https://app.prolific.com/,,,66978d746fdddabc9c3b2ff4,2,,,,,,,2,6,6,5,7,7,5,5,5,4,5,6,6,6,6,5,5,5,5,5,5,male,40,,234.17,,,,,,,,19.97,,43.18,,,14.18,,9.22,7.46,7.02,7.68,52.63,59.5,,4.14,5.77,3.42
29,2024-07-22 22:01:54,20,en,1490979544,2024-07-22 21:59:41,2024-07-22 22:01:54,https://app.prolific.com/,,,66978d746fdddabc9c3b2ff4,3,,,,,,,3,6,6,5,7,7,5,5,5,5,5,6,6,6,5,6,5,5,5,5,5,femal,33,,123.6,,,,,,,,9.91,,,28.21,,8.92,,9.97,4.09,5.19,4.69,22.2,17.12,,4.23,4.67,4.4
30,2024-07-22 22:03:32,20,en,1599890320,2024-07-22 21:59:43,2024-07-22 22:03:32,https://app.prolific.com/,,,66978d746fdddabc9c3b2ff4,4,,,,,,,4,5,5,5,7,7,5,5,5,5,5,6,6,6,5,5,5,5,5,5,5,male,49,,222.45,,,,,,,,12.94,,,,48.88,33.75,,9.84,7.56,7.27,6.63,53.41,23.74,,7.07,5.71,5.65
31,2024-07-22 22:02:32,20,en,1635147716,2024-07-22 21:59:47,2024-07-22 22:02:32,https://app.prolific.com/,,,66978d746fdddabc9c3b2ff4,2,,,,,,,2,6,6,5,7,7,5,5,5,5,5,6,6,5,5,5,5,5,5,5,5,femal,29,,164.41,,,,,,,,9.12,,39.88,,,10.54,,8.98,4.55,4.94,3.9,53.29,16.23,,5.03,5.2,2.75
32,2024-07-22 22:02:40,20,en,248586208,2024-07-22 21:59:49,2024-07-22 22:02:40,https://app.prolific.com/,,,66978d746fdddabc9c3b2ff4,2,,,,,,,2,6,6,5,5,5,5,5,5,5,5,6,6,5,5,5,5,5,5,5,5,male,26,,161.81,,,,,,,,14.8,,23.11,,,9.42,,11.05,4.95,7.65,7.2,46.47,26.2,,2.88,4.76,3.32
33,2024-07-22 22:04:04,20,en,731059496,2024-07-22 22:00:06,2024-07-22 22:04:04,https://app.prolific.com/,,,66978d746fdddabc9c3b2ff4,4,,,,,,,4,6,6,5,7,6,5,5,5,5,5,6,6,6,6,5,5,5,5,5,5,femal,28,,237.54,,,,,,,,10.67,,,,55.6,18.17,,11.49,8.75,10.63,9.29,82.07,18.95,,2.65,3.53,5.74
34,2024-07-22 22:02:06,20,en,1708706103,2024-07-22 22:00:15,2024-07-22 22:02:06,https://app.prolific.com/,,,66978d746fdddabc9c3b2ff4,1,,,,,,,1,6,6,5,7,7,5,5,5,5,5,6,6,6,5,5,5,5,5,5,5,male,30,,112.75,,,,,,,,7.2,26.72,,,,7.34,,10.05,4.16,3.36,3.69,26.75,11.8,,3.86,4.41,3.41
35,2024-07-22 22:05:11,20,en,1393174578,2024-07-22 22:00:26,2024-07-22 22:05:11,https://app.prolific.com/,,,66978d746fdddabc9c3b2ff4,2,,,,,,,2,6,6,5,7,7,5,5,5,5,5,6,6,5,5,5,5,5,5,5,5,femal,61,,256.08,,,,,,,,26.95,,39.63,,,10.89,,10.18,6.28,6.48,26.37,54.93,17.44,,4.34,8.79,43.8
36,2024-07-22 22:03:45,20,en,1551458687,2024-07-22 22:00:35,2024-07-22 22:03:45,https://app.prolific.com/,,,66978d746fdddabc9c3b2ff4,4,,,,,,,4,6,6,5,7,7,5,5,5,5,5,6,6,6,5,6,5,5,5,5,5,male,28,,172.47,,,,,,,,8.8,,,,38.27,7.84,,10.41,4.89,7.84,5.77,30.56,23.93,,8.51,6.05,19.6
37,2024-07-22 22:04:08,20,en,1912437562,2024-07-22 22:00:39,2024-07-22 22:04:08,https://app.prolific.com/,,,66978d746fdddabc9c3b2ff4,3,,,,,,,3,6,6,5,7,7,5,5,5,5,5,6,6,6,5,5,5,5,5,5,5,femal,56,,198.44,,,,,,,,22.81,,,29.39,,11.48,,10.93,6.27,10.86,5.75,65.47,20.21,,3.81,7.39,4.07
38,2024-07-22 22:02:29,20,en,1822108439,2024-07-22 22:00:40,2024-07-22 22:02:29,https://app.prolific.com/,,,66978d746fdddabc9c3b2ff4,3,,,,,,,3,6,6,5,7,7,5,5,5,5,5,6,6,6,5,5,5,5,5,5,5,male,43,,104.58,,,,,,,,6.02,,,22.85,,8.17,,5.62,4.33,3.72,3.67,30.76,9.33,,3.35,4.19,2.57
39,2024-07-22 22:02:25,20,en,211994209,2024-07-22 22:00:46,2024-07-22 22:02:25,https://app.prolific.com/,,,66978d746fdddabc9c3b2ff4,3,,,,,,,1,6,6,5,7,7,5,5,5,5,6,6,6,5,5,5,5,5,5,5,5,femal,51,,97.61,,,,,,,,7.35,,,22.35,,5.36,,6.57,3.94,3.71,4.04,16.85,13.23,,6.15,4.09,3.97
40,2024-07-22 22:03:09,20,en,418251207,2024-07-22 22:00:53,2024-07-22 22:03:09,https://app.prolific.com/,,,66978d746fdddabc9c3b2ff4,1,,,,,,,1,6,6,5,7,7,5,5,5,5,6,6,6,6,5,5,5,5,5,5,5,femal,27,,118.49,,,,,,,,9.12,22.59,,,,11,,6.35,5.15,5.47,3.69,31.23,9.73,,3.62,4.38,6.16
41,2024-07-22 22:03:26,20,en,1584042352,2024-07-22 22:01:02,2024-07-22 22:03:26,https://app.prolific.com/,,,66978d746fdddabc9c3b2ff4,3,,,,,,,3,6,6,5,7,7,5,5,5,5,5,5,5,5,5,5,5,5,5,5,5,femal,38,,143.87,,,,,,,,11.88,,,28.89,,16.37,,10.67,5.49,6.24,5.83,33.23,12.99,,3.02,4.69,4.57
42,2024-07-22 22:03:14,20,en,30342488,2024-07-22 22:01:05,2024-07-22 22:03:14,https://app.prolific.com/,,,66978d746fdddabc9c3b2ff4,3,,,,,,,3,6,6,5,7,6,5,5,5,5,5,6,6,6,6,5,5,5,5,5,5,male,24,,124.33,,,,,,,,11.3,,,22.42,,14.63,,8.78,4.73,3.67,8.72,29.88,9.42,,4.24,3.49,3.05
43,2024-07-22 22:03:24,20,en,514666393,2024-07-22 22:01:11,2024-07-22 22:03:24,https://app.prolific.com/,,,66978d746fdddabc9c3b2ff4,4,,,,,,,4,6,6,5,7,7,5,5,5,5,5,6,6,5,5,5,5,5,5,5,5,femal,43,,134.46,,,,,,,,13.45,,,,34.25,10.75,,12.17,3.31,5.8,4.86,24.51,13.31,,4.32,3.26,4.47
44,2024-07-22 22:05:53,20,en,1382997667,2024-07-22 22:01:15,2024-07-22 22:05:53,https://app.prolific.com/,,,66978d746fdddabc9c3b2ff4,1,,,,,,,1,5,6,5,6,6,5,5,5,5,5,6,6,4,4,5,5,5,5,4,5,male,30,,268.81,,,,,,,,20.37,24.39,,,,26.84,,14.27,9.71,10.42,9.42,125.4,15.65,,3.49,4.59,4.26
45,2024-07-22 22:15:29,20,en,293889343,2024-07-22 22:01:17,2024-07-22 22:15:29,https://app.prolific.com/,,,66978d746fdddabc9c3b2ff4,1,,,,,,,1,6,6,4,6,6,5,4,4,4,4,4,1,4,5,4,5,5,5,1,5,femal,29,,849.9,,,,,,,,2.99,74.28,,,,23.62,,580.91,93.72,7.01,4.53,21.22,20.14,,12.94,4.47,4.07
46,,6,en,1572037744,2024-07-22 22:01:20,2024-07-22 22:06:07,https://app.prolific.com/,,,66978d746fdddabc9c3b2ff4,1,,,,,,,,,,,,,,,,,,,,,,,,,,,,,,,278.21,,,,,,,,278.21,,,,,,,,,,,,,,,,
47,2024-07-22 22:04:03,20,en,384256835,2024-07-22 22:01:20,2024-07-22 22:04:03,https://app.prolific.com/,,,66978d746fdddabc9c3b2ff4,1,,,,,,,1,6,6,5,7,7,5,5,5,5,5,6,6,6,5,5,5,5,5,5,5,femal,40,,153.45,,,,,,,,13.23,38.53,,,,14.24,,6.09,4.09,4.8,5.4,36.28,14.9,,5.04,4.68,6.17
48,2024-07-22 22:04:30,20,en,1603735767,2024-07-22 22:01:22,2024-07-22 22:04:30,https://app.prolific.com/,,,66978d746fdddabc9c3b2ff4,4,,,,,,,4,6,6,5,7,7,5,5,5,5,5,6,6,6,5,5,5,5,5,5,5,femal,38,,178.38,,,,,,,,10.31,,,,63.43,9.02,,9.99,4.45,9.19,6.22,33.97,17.43,,3.74,6.76,3.87
49,2024-07-22 22:04:00,20,en,1493383845,2024-07-22 22:01:29,2024-07-22 22:04:00,https://app.prolific.com/,,,66978d746fdddabc9c3b2ff4,2,,,,,,,4,5,5,4,6,6,5,5,5,5,5,6,6,5,6,5,5,5,5,5,5,male,28,,148.57,,,,,,,,2.73,,38.04,,,22.92,,7.36,4.97,5.33,4.84,32.89,14.1,,4.62,5.79,4.98
50,2024-07-22 22:05:23,20,en,909701515,2024-07-22 22:01:38,2024-07-22 22:05:23,https://app.prolific.com/,,,66978d746fdddabc9c3b2ff4,1,,,,,,,1,4,5,5,5,3,4,5,4,3,4,6,6,6,4,5,4,3,3,3,4,femal,26,,217.96,,,,,,,,13.46,23.83,,,,14.17,,12.61,15.42,6.71,10.72,51.49,54.75,,5.9,5.23,3.67
51,2024-07-22 22:04:51,20,en,2408136,2024-07-22 22:01:43,2024-07-22 22:04:51,https://app.prolific.com/,,,66978d746fdddabc9c3b2ff4,3,,,,,,,3,6,6,5,7,7,5,5,5,5,5,6,6,5,5,5,5,5,5,5,5,femal,24,,157.24,,,,,,,,9.21,,,39.33,,10.39,,7.87,6.88,6.64,6.55,29.29,21.41,,8.39,6.62,4.66
52,2024-07-22 22:05:38,20,en,103423394,2024-07-22 22:01:44,2024-07-22 22:05:38,https://app.prolific.com/,,,66978d746fdddabc9c3b2ff4,1,,,,,,,1,6,6,5,7,7,5,5,5,5,5,6,6,6,6,5,5,5,5,5,5,femal,37,,234.39,,,,,,,,12.07,23.2,,,,23.62,,13.05,4.74,5.56,7.85,108.76,21.98,,3.2,6.97,3.39
53,2024-07-22 22:04:41,20,en,877853066,2024-07-22 22:01:54,2024-07-22 22:04:41,https://app.prolific.com/,,,66978d746fdddabc9c3b2ff4,2,,,,,,,2,6,6,5,7,7,5,5,5,5,5,6,6,6,5,5,5,5,5,5,5,femal,35,,165.1,,,,,,,,14.3,,25.54,,,16.81,,9.08,7.04,8.48,5.8,43.24,22.17,,2.98,6.19,3.47
54,2024-07-22 22:06:03,20,en,1647117815,2024-07-22 22:02:05,2024-07-22 22:06:03,https://app.prolific.com/,,,66978d746fdddabc9c3b2ff4,4,,,,,,,4,6,6,5,7,7,5,5,5,5,5,6,6,6,5,5,5,5,5,5,5,femal,42,,216.27,,,,,,,,19.19,,,,77.64,13.47,,8.81,7.59,11.97,8.85,34.91,18.73,,4.02,4.55,6.54
55,2024-07-22 22:05:25,20,en,1653162406,2024-07-22 22:02:12,2024-07-22 22:05:25,https://app.prolific.com/,,,66978d746fdddabc9c3b2ff4,2,,,,,,,2,5,6,5,7,6,5,5,5,5,5,6,6,5,5,5,5,5,5,4,5,femal,37,,182.2,,,,,,,,12.91,,30.28,,,9.94,,15.86,13.32,4.79,15.42,49.52,18.39,,3.44,5.1,3.23
56,2024-07-22 22:04:30,20,en,1705459296,2024-07-22 22:02:15,2024-07-22 22:04:30,https://app.prolific.com/,,,66978d746fdddabc9c3b2ff4,2,,,,,,,2,5,5,5,6,6,5,5,5,5,5,5,6,6,5,5,5,5,5,5,5,femal,44,,130.62,,,,,,,,5.59,,26.98,,,13.88,,10.85,5.03,5.61,5.78,29.18,15.59,,3.04,5.5,3.59
57,2024-07-22 22:06:48,20,en,1151640966,2024-07-22 22:02:19,2024-07-22 22:06:48,https://app.prolific.com/,,,66978d746fdddabc9c3b2ff4,1,,,,,,,1,6,6,5,7,7,5,5,5,5,5,6,6,5,5,5,5,5,5,5,5,femal,34,,245.29,,,,,,,,68.07,34.13,,,,20.65,,9.78,8.55,6.18,15.93,50.22,17.42,,4.63,4.43,5.3
58,2024-07-22 22:05:02,20,en,119070810,2024-07-22 22:02:26,2024-07-22 22:05:02,https://app.prolific.com/,,,66978d746fdddabc9c3b2ff4,2,,,,,,,2,6,6,5,7,7,5,5,5,5,5,6,6,5,5,5,5,5,5,5,5,femal,46,,151.88,,,,,,,,12.99,,21.75,,,13.56,,8.4,5.79,8.08,5.83,35.25,24.25,,3.87,7.47,4.64
59,2024-07-22 22:04:47,20,en,645533896,2024-07-22 22:02:27,2024-07-22 22:04:47,https://app.prolific.com/,,,66978d746fdddabc9c3b2ff4,1,,,,,,,1,3,5,5,6,5,4,4,4,4,5,2,3,3,4,5,4,4,4,3,5,male,32,,132.51,,,,,,,,13.58,31.7,,,,9.21,,11.2,5.04,5.57,4.78,26.13,14.44,,3.42,3.41,4.03
60,2024-07-22 22:05:41,20,en,2079349359,2024-07-22 22:02:32,2024-07-22 22:05:41,https://app.prolific.com/,,,66978d746fdddabc9c3b2ff4,4,,,,,,,4,6,6,5,7,7,5,5,5,5,5,6,6,6,5,5,5,5,5,5,5,femal,27,,155.13,,,,,,,,16.25,,,,21.74,14.4,,8.74,6.48,7.02,8.41,34.14,24.08,,3.05,5.25,5.57
61,,10,en,123679200,2024-07-22 22:02:35,2024-07-22 22:03:01,https://app.prolific.com/,,,66978d746fdddabc9c3b2ff4,1,,,,,,,,,,,,,,,,,,,,,,,,,,,,,,,16.9,,,,,,,,15.17,1.73,,,,,,,,,,,,,,,
62,2024-07-22 22:06:29,20,en,1291965502,2024-07-22 22:02:39,2024-07-22 22:06:29,https://app.prolific.com/,,,66978d746fdddabc9c3b2ff4,2,,,,,,,2,2,4,3,5,3,3,3,3,3,4,6,6,6,3,3,2,2,2,3,4,femal,36,,146.86,,,,,,,,10.46,,40.47,,,7.52,,11.21,6.6,7.19,5.5,26.43,18.44,,4.25,5.39,3.4
63,2024-07-22 22:04:49,20,en,573242202,2024-07-22 22:02:40,2024-07-22 22:04:49,https://app.prolific.com/,,,66978d746fdddabc9c3b2ff4,2,,,,,,,2,6,6,5,7,7,5,5,5,5,5,6,6,6,5,5,5,5,5,5,5,femal,38,,118.36,,,,,,,,11.61,,22.82,,,11.03,,9.24,6.68,4.86,6.03,27.17,6.69,,3.64,6.37,2.22
64,2024-07-22 22:05:22,20,en,168476756,2024-07-22 22:02:45,2024-07-22 22:05:22,https://app.prolific.com/,,,66978d746fdddabc9c3b2ff4,2,,,,,,,2,6,6,5,7,7,5,5,5,5,4,6,4,4,4,5,5,5,5,5,5,femal,31,,157.32,,,,,,,,10.3,,34.21,,,7.95,,9.62,4.86,4.96,4.81,58.8,9.66,,6.06,3.42,2.67
65,2024-07-22 22:05:34,20,en,1880077543,2024-07-22 22:02:46,2024-07-22 22:05:34,https://app.prolific.com/,,,66978d746fdddabc9c3b2ff4,1,,,,,,,1,6,6,5,7,6,6,6,4,6,5,6,3,4,5,1,1,1,1,1,1,femal,38,,167.04,,,,,,,,20.85,30.87,,,,14.48,,22.58,8.8,5.94,6.27,19.31,20.75,,10.01,4.13,3.05
66,2024-07-22 22:07:56,20,en,2047994141,2024-07-22 22:03:04,2024-07-22 22:07:56,https://app.prolific.com/,,,66978d746fdddabc9c3b2ff4,4,,,,,,,4,5,3,4,6,6,4,4,4,3,5,3,1,2,4,3,5,5,4,3,5,male,33,,216.38,,,,,,,,20.33,,,,37.15,9.06,,34.28,4.25,5.13,5.12,61.45,22.11,,5.57,5.06,6.87
67,2024-07-22 22:05:27,20,en,1976399541,2024-07-22 22:03:07,2024-07-22 22:05:26,https://app.prolific.com/,,,66978d746fdddabc9c3b2ff4,1,,,,,,,1,6,6,5,7,5,5,5,5,5,5,6,6,4,4,6,5,5,5,4,5,femal,27,,139.62,,,,,,,,10.28,25.62,,,,12.67,,7.63,6.45,5.87,7,32.78,18.15,,4.63,4.54,4
68,2024-07-22 22:06:04,20,en,1223381620,2024-07-22 22:03:09,2024-07-22 22:06:04,https://app.prolific.com/,,,66978d746fdddabc9c3b2ff4,4,,,,,,,4,6,6,5,7,7,5,5,5,5,5,6,6,6,5,5,5,5,5,5,5,femal,38,,137.29,,,,,,,,14.67,,,,30.82,13.87,,7.83,5.56,5.19,4.32,21.24,15.13,,7.56,8.09,3.01
69,2024-07-22 22:05:39,20,en,879257421,2024-07-22 22:03:13,2024-07-22 22:05:39,https://app.prolific.com/,,,66978d746fdddabc9c3b2ff4,2,,,,,,,2,2,5,4,4,4,1,2,3,2,5,4,2,3,3,5,6,3,2,1,4,male,21,,147.19,,,,,,,,12.56,,23.59,,,12.86,,10.05,5.58,7.81,8.03,35.95,16.23,,3.56,5.79,5.18
70,2024-07-22 22:07:21,20,en,1731671972,2024-07-22 22:03:22,2024-07-22 22:07:21,https://app.prolific.com/,,,66978d746fdddabc9c3b2ff4,2,,,,,,,2,6,6,5,6,6,5,5,5,5,5,4,3,5,5,5,5,5,5,5,5,femal,57,,232.74,,,,,,,,11.59,,49.14,,,17.78,,8.09,6.17,9.57,9.7,60.64,49.38,,3.3,4.45,2.93
71,2024-07-22 22:09:40,20,en,30642725,2024-07-22 22:03:23,2024-07-22 22:09:40,https://app.prolific.com/,,,66978d746fdddabc9c3b2ff4,2,,,,,,,2,6,6,5,7,4,5,3,4,5,5,6,6,4,5,4,5,5,5,4,5,femal,30,,329.26,,,,,,,,16.59,,61.64,,,25.53,,11.56,6.14,18.79,29.94,112.3,33.34,,3.7,5.13,4.6
72,2024-07-22 22:06:09,20,en,758536497,2024-07-22 22:03:25,2024-07-22 22:06:09,https://app.prolific.com/,,,66978d746fdddabc9c3b2ff4,3,,,,,,,3,6,6,5,7,7,5,5,5,5,5,5,5,5,5,5,5,5,5,5,5,male,49,,156.86,,,,,,,,14.78,,,27.19,,24.54,,9.33,5.53,7.23,6.67,28.4,19.49,,3.79,6.19,3.72
73,2024-07-22 22:06:33,20,en,1865137698,2024-07-22 22:03:29,2024-07-22 22:06:32,https://app.prolific.com/,,,66978d746fdddabc9c3b2ff4,3,,,,,,,3,6,6,5,7,7,5,5,5,5,5,6,6,6,5,5,5,5,5,5,5,male,54,,186.26,,,,,,,,65.87,,,24.57,,11.37,,6.08,5.84,6.9,5.8,32.6,14.23,,3.89,5.11,4
74,2024-07-22 22:05:28,20,en,75018411,2024-07-22 22:03:33,2024-07-22 22:05:28,https://app.prolific.com/,,,66978d746fdddabc9c3b2ff4,2,,,,,,,2,2,2,3,4,2,2,3,2,2,3,2,2,2,2,2,4,4,2,2,4,femal,27,,114.5,,,,,,,,10.51,,24.05,,,8.88,,7.14,3.37,4.1,3.8,21.41,22.15,,3.04,3.57,2.48
75,,10,en,180070295,2024-07-22 22:03:58,2024-07-22 22:04:40,https://app.prolific.com/,,,66978d746fdddabc9c3b2ff4,4,,,,,,,,,,,,,,,,,,,,,,,,,,,,,,,30.04,,,,,,,,19.42,,,,10.62,,,,,,,,,,,,
76,2024-07-22 22:06:54,20,en,1810810215,2024-07-22 22:04:03,2024-07-22 22:06:54,https://app.prolific.com/,,,66978d746fdddabc9c3b2ff4,1,,,,,,,4,4,6,4,5,5,4,4,3,3,6,3,3,4,3,6,6,5,4,2,5,male,34,,158.12,,,,,,,,12.43,25.87,,,,14.73,,11.79,17.11,8.29,7.08,26.03,16.32,,9.27,3.83,5.37
77,2024-07-22 22:06:20,20,en,361497217,2024-07-22 22:04:08,2024-07-22 22:06:20,https://app.prolific.com/,,,66978d746fdddabc9c3b2ff4,1,,,,,,,1,6,6,5,7,7,5,5,5,5,5,6,6,5,5,5,5,5,5,5,5,femal,33,,130.2,,,,,,,,13.71,24.78,,,,11.08,,5.77,5.87,8.41,4.34,30.09,16.39,,3.35,3.79,2.62
78,2024-07-22 22:06:21,20,en,676468273,2024-07-22 22:04:10,2024-07-22 22:06:21,https://app.prolific.com/,,,66978d746fdddabc9c3b2ff4,1,,,,,,,2,6,6,5,6,5,3,3,2,3,2,6,1,2,4,5,4,4,3,3,4,male,29,,129,,,,,,,,12.78,36.9,,,,7.58,,5.93,5.25,5.15,3.97,26.88,9.65,,8.15,3.45,3.31
79,2024-07-22 22:06:59,20,en,1949326024,2024-07-22 22:04:10,2024-07-22 22:06:59,https://app.prolific.com/,,,66978d746fdddabc9c3b2ff4,3,,,,,,,3,6,6,5,7,7,5,5,5,5,5,5,6,6,5,5,5,5,5,5,5,male,34,,166.59,,,,,,,,9.05,,,44.2,,6.15,,7.84,3.87,8.89,6.29,41.81,26.01,,3.73,4.91,3.84
80,2024-07-22 22:07:00,20,en,865551319,2024-07-22 22:04:10,2024-07-22 22:07:00,https://app.prolific.com/,,,66978d746fdddabc9c3b2ff4,1,,,,,,,1,6,6,5,7,7,5,5,5,5,6,6,6,6,5,5,5,5,5,5,5,femal,44,,161.77,,,,,,,,14.38,26.89,,,,14.92,,14.57,6.66,11.7,7.74,37.38,16.39,,3.26,4.37,3.51
81,2024-07-22 22:06:55,20,en,1222041845,2024-07-22 22:04:10,2024-07-22 22:06:55,https://app.prolific.com/,,,66978d746fdddabc9c3b2ff4,4,,,,,,,4,6,6,5,7,7,5,5,5,5,5,6,6,6,6,5,5,5,5,5,5,femal,46,,159.23,,,,,,,,12.6,,,,23.47,12.89,,8.93,6.04,7.41,8.41,45.32,17.56,,4.76,7.75,4.09
82,2024-07-22 22:06:12,20,en,1171779183,2024-07-22 22:04:11,2024-07-22 22:06:12,https://app.prolific.com/,,,66978d746fdddabc9c3b2ff4,3,,,,,,,4,6,6,5,7,7,5,5,5,5,5,6,6,5,5,5,5,5,5,5,5,femal,31,,121.48,,,,,,,,3.51,,,23,,7.88,,6.72,6.38,5.92,3.88,33.9,17.83,,2.94,3.74,5.78
83,2024-07-22 22:07:11,20,en,7657145,2024-07-22 22:04:15,2024-07-22 22:07:11,https://app.prolific.com/,,,66978d746fdddabc9c3b2ff4,1,,,,,,,1,6,6,5,7,7,5,5,5,5,5,6,6,6,5,5,5,5,5,5,5,femal,29,,171.32,,,,,,,,15.12,25.55,,,,14.73,,10.72,5.26,11.63,6.18,49.71,16.52,,4.04,6.98,4.88
84,2024-07-22 22:07:28,20,en,852846660,2024-07-22 22:04:21,2024-07-22 22:07:28,https://app.prolific.com/,,,66978d746fdddabc9c3b2ff4,2,,,,,,,2,4,6,4,7,6,3,3,2,3,5,6,6,3,5,4,5,5,2,1,5,femal,26,,186.39,,,,,,,,15.22,,33.08,,,9.28,,9.87,8.3,5.58,6.18,54.54,23.51,,4.8,6.76,9.27
85,2024-07-22 22:07:32,20,en,1838344140,2024-07-22 22:04:27,2024-07-22 22:07:32,https://app.prolific.com/,,,66978d746fdddabc9c3b2ff4,2,,,,,,,2,5,6,5,7,6,5,5,5,4,5,6,6,6,5,5,5,5,5,4,5,male,45,,173.76,,,,,,,,13.14,,49.45,,,9.07,,12.07,4.94,3.7,4.67,45,19.65,,4.98,4.17,2.92
86,2024-07-22 22:07:07,20,en,39106509,2024-07-22 22:04:32,2024-07-22 22:07:07,https://app.prolific.com/,,,66978d746fdddabc9c3b2ff4,3,,,,,,,3,6,6,5,7,7,4,4,4,4,4,1,6,4,4,5,5,5,5,4,5,femal,25,,105.99,,,,,,,,9.91,,,23.3,,7.28,,7.14,3.47,6.05,4.15,25.26,10.33,,2.75,3.99,2.36
87,2024-07-22 22:07:07,20,en,851728874,2024-07-22 22:04:37,2024-07-22 22:07:07,https://app.prolific.com/,,,66978d746fdddabc9c3b2ff4,3,,,,,,,4,5,5,4,6,5,4,4,4,4,4,1,6,6,4,4,4,4,3,3,4,femal,27,,149.03,,,,,,,,18.58,,,32.22,,17.41,,6.64,5.35,6.42,6.56,31.35,12.57,,3.89,4.36,3.68
88,,9,en,1803109891,2024-07-22 22:04:38,2024-07-22 22:05:09,https://app.prolific.com/,,,66978d746fdddabc9c3b2ff4,4,,,,,,,,,,,,,,,,,,,,,,,,,,,,,,,23.11,,,,,,,,23.11,,,,,,,,,,,,,,,,
89,2024-07-22 22:06:52,20,en,966971238,2024-07-22 22:04:38,2024-07-22 22:06:52,https://app.prolific.com/,,,66978d746fdddabc9c3b2ff4,4,,,,,,,4,6,6,5,7,7,5,5,5,5,5,5,5,5,5,5,5,5,5,5,5,femal,59,,128.38,,,,,,,,10.92,,,,43,8.79,,9.4,5.44,6.47,4.92,19.08,8.79,,5.01,4.02,2.54
90,2024-07-22 22:07:15,20,en,265078374,2024-07-22 22:04:42,2024-07-22 22:07:15,https://app.prolific.com/,,,66978d746fdddabc9c3b2ff4,1,,,,,,,1,6,6,5,7,7,5,5,5,5,6,6,6,6,5,5,5,5,5,5,5,femal,47,,150.82,,,,,,,,11.67,31.61,,,,11.22,,8.15,4.17,17.69,6.35,32.26,16.23,,3.23,6.05,2.19
91,,10,en,955505703,2024-07-22 22:04:49,2024-07-22 22:06:22,https://app.prolific.com/,,,66978d746fdddabc9c3b2ff4,4,,,,,,,,,,,,,,,,,,,,,,,,,,,,,,,71.63,,,,,,,,17.15,,,,54.48,,,,,,,,,,,,
92,2024-07-22 22:07:14,20,en,1811999406,2024-07-22 22:04:50,2024-07-22 22:07:14,https://app.prolific.com/,,,66978d746fdddabc9c3b2ff4,1,,,,,,,1,6,6,5,7,7,5,5,5,5,5,6,6,6,6,5,5,5,5,5,5,femal,31,,134.15,,,,,,,,13.45,25.17,,,,9.61,,8.59,5,4.84,7.29,36.4,11.37,,4.51,4.65,3.27
93,2024-07-22 22:07:01,20,en,308196187,2024-07-22 22:04:50,2024-07-22 22:07:01,https://app.prolific.com/,,,66978d746fdddabc9c3b2ff4,1,,,,,,,3,6,6,5,7,7,5,5,5,5,5,5,6,5,5,5,5,5,5,5,5,femal,20,,129.06,,,,,,,,7.97,25.64,,,,13.36,,7.99,4.77,6.36,6.23,22.83,17.84,,5.25,4.94,5.88
94,2024-07-22 22:11:18,20,en,214884269,2024-07-22 22:04:52,2024-07-22 22:11:18,https://app.prolific.com/,,,66978d746fdddabc9c3b2ff4,3,,,,,,,3,5,6,4,6,6,4,4,4,4,6,6,6,6,4,4,5,5,5,4,5,femal,61,,358.54,,,,,,,,22.54,,,138.11,,45.78,,15.97,6.45,5.55,10.23,72.17,22.35,,5,7.53,6.86
95,2024-07-22 22:08:24,20,en,35691068,2024-07-22 22:05:10,2024-07-22 22:08:24,https://app.prolific.com/,,,66978d746fdddabc9c3b2ff4,3,,,,,,,2,4,5,3,4,4,3,4,4,4,5,6,6,6,4,5,4,4,4,6,5,femal,63,,185.56,,,,,,,,12.06,,,50.72,,13.15,,13.39,5.91,7.74,9.4,38.11,22.24,,3.11,5.3,4.43
96,2024-07-22 22:07:24,20,en,1162679247,2024-07-22 22:05:10,2024-07-22 22:07:24,https://app.prolific.com/,,,66978d746fdddabc9c3b2ff4,1,,,,,,,1,6,5,5,7,7,5,5,5,5,5,1,1,1,5,5,5,5,5,5,5,male,36,,132.39,,,,,,,,13.3,21.64,,,,13.39,,8.5,4.85,7.19,5.58,32.43,13.87,,4.05,4.15,3.44
97,2024-07-22 22:08:33,20,en,73132986,2024-07-22 22:05:12,2024-07-22 22:08:33,https://app.prolific.com/,,,66978d746fdddabc9c3b2ff4,2,,,,,,,2,6,6,5,7,7,5,5,5,5,5,4,3,5,5,5,5,5,5,5,5,femal,24,,201.03,,,,,,,,14.69,,73.82,,,14.27,,8.51,5.53,8.86,5.74,41.86,12.73,,4.95,4.69,5.38
98,,10,en,925133845,2024-07-22 22:05:13,2024-07-22 22:06:00,https://app.prolific.com/,,,66978d746fdddabc9c3b2ff4,1,,,,,,,,,,,,,,,,,,,,,,,,,,,,,,,38.76,,,,,,,,11.35,27.41,,,,,,,,,,,,,,,
99,2024-07-22 22:07:46,20,en,148064539,2024-07-22 22:05:19,2024-07-22 22:07:46,https://app.prolific.com/,,,66978d746fdddabc9c3b2ff4,3,,,,,,,3,6,6,5,7,7,5,5,5,5,5,6,6,6,5,6,5,5,5,5,5,male,36,,134.91,,,,,,,,10.63,,,36.06,,8.4,,6.55,5.94,4.12,4.09,26.84,20.43,,4.06,3.64,4.15
100,2024-07-22 22:07:54,20,en,2103275456,2024-07-22 22:05:28,2024-07-22 22:07:54,https://app.prolific.com/,,,66978d746fdddabc9c3b2ff4,1,,,,,,,1,5,6,5,7,6,5,5,5,4,5,6,6,5,5,5,5,5,5,5,5,male,34,,142.83,,,,,,,,11.48,22.96,,,,16.97,,9,9.83,8.11,6.39,33.97,12.94,,2.74,5.27,3.17
101,2024-07-22 22:08:19,20,en,111228686,2024-07-22 22:05:39,2024-07-22 22:08:19,https://app.prolific.com/,,,66978d746fdddabc9c3b2ff4,2,,,,,,,2,3,3,5,5,3,4,4,4,3,5,6,6,6,3,5,5,3,2,2,4,femal,35,,154.23,,,,,,,,11.77,,24.23,,,13.56,,13.49,5.01,10.44,7.73,34.21,20.76,,3.86,5.59,3.58
102,2024-07-22 22:09:42,20,en,997237785,2024-07-22 22:05:43,2024-07-22 22:09:42,https://app.prolific.com/,,,66978d746fdddabc9c3b2ff4,2,,,,,,,4,5,5,4,6,6,5,5,5,6,6,6,6,6,6,5,5,5,5,2,5,male,69,,240.18,,,,,,,,13.04,,38.57,,,25.35,,16.39,9.1,8.71,7.93,51.75,46.32,,5.86,7.36,9.8
103,2024-07-22 22:08:19,20,en,1854021020,2024-07-22 22:05:43,2024-07-22 22:08:19,https://app.prolific.com/,,,66978d746fdddabc9c3b2ff4,4,,,,,,,4,6,6,5,7,7,5,5,5,5,5,6,6,6,6,5,5,5,5,5,5,femal,22,,151.5,,,,,,,,3.08,,,,20.58,11.69,,27.42,6.47,7.17,5.46,32.26,19.52,,4.09,7.43,6.33
104,2024-07-22 22:07:54,20,en,1001282831,2024-07-22 22:05:49,2024-07-22 22:07:54,https://app.prolific.com/,,,66978d746fdddabc9c3b2ff4,2,,,,,,,2,6,6,5,7,7,5,5,5,5,5,5,5,5,5,5,5,5,5,5,5,femal,20,,115.16,,,,,,,,13.94,,23.43,,,9.5,,6.9,5.54,6.3,5.73,15.43,12.43,,3.92,4.3,7.74
105,2024-07-22 22:09:02,20,en,624375304,2024-07-22 22:05:57,2024-07-22 22:09:02,https://app.prolific.com/,,,66978d746fdddabc9c3b2ff4,4,,,,,,,4,2,2,2,3,3,2,2,2,2,2,6,6,2,2,3,2,2,2,2,2,male,27,,172.06,,,,,,,,10.63,,,,41.45,11.66,,15.58,7.8,9.8,8.64,36.46,17.73,,4.54,4.31,3.46
106,2024-07-22 22:09:06,20,en,476793568,2024-07-22 22:06:08,2024-07-22 22:09:06,https://app.prolific.com/,,,66978d746fdddabc9c3b2ff4,3,,,,,,,3,6,6,5,7,6,5,5,5,5,5,6,6,6,5,5,5,5,4,5,5,male,29,,173.56,,,,,,,,19.72,,,24.6,,8.67,,6.14,4.96,4.5,6.2,38.84,14.21,,3.54,3.49,38.69
107,2024-07-22 22:08:32,20,en,892163304,2024-07-22 22:06:16,2024-07-22 22:08:32,https://app.prolific.com/,,,66978d746fdddabc9c3b2ff4,3,,,,,,,3,6,6,5,7,7,5,5,5,5,5,6,6,5,5,5,5,5,5,5,5,femal,47,,125.87,,,,,,,,13.09,,,25.53,,11.53,,7.13,4.72,6.2,4.74,26.4,16.11,,3.4,4.23,2.79
108,2024-07-22 22:09:29,20,en,977495914,2024-07-22 22:06:18,2024-07-22 22:09:29,https://app.prolific.com/,,,66978d746fdddabc9c3b2ff4,3,,,,,,,3,6,6,5,7,7,5,5,5,5,5,6,6,5,5,5,5,5,5,5,5,femal,42,,165.18,,,,,,,,11.92,,,33.66,,15.08,,11.63,5.2,8.02,7.01,39.58,18.37,,4.69,6.35,3.67
109,2024-07-22 22:09:24,20,en,774865180,2024-07-22 22:06:22,2024-07-22 22:09:24,https://app.prolific.com/,,,66978d746fdddabc9c3b2ff4,3,,,,,,,4,6,6,5,7,7,6,6,6,3,3,1,6,1,3,6,6,6,6,6,6,femal,59,,172.47,,,,,,,,12.14,,,29.23,,11.54,,9.82,6.96,6.01,6.26,56.12,19.87,,5,5.04,4.48
110,2024-07-22 22:08:30,20,en,1986878313,2024-07-22 22:06:27,2024-07-22 22:08:30,https://app.prolific.com/,,,66978d746fdddabc9c3b2ff4,3,,,,,,,4,6,6,5,7,7,5,5,5,5,6,6,6,6,6,5,5,5,5,5,5,femal,24,,120.93,,,,,,,,16.86,,,27.51,,7.87,,5.96,2.66,5.62,4.93,26.08,12.14,,2.36,4.14,4.8
111,2024-07-22 22:09:20,20,en,246574158,2024-07-22 22:06:27,2024-07-22 22:09:19,https://app.prolific.com/,,,66978d746fdddabc9c3b2ff4,4,,,,,,,4,5,5,5,6,5,4,5,4,4,4,6,6,4,4,5,4,4,4,3,4,male,30,,171.08,,,,,,,,14.68,,,,25.11,13.15,,16.58,5.96,8.51,9.02,43.84,19.49,,4.5,6.24,4
112,2024-07-22 22:08:44,20,en,238910145,2024-07-22 22:06:28,2024-07-22 22:08:44,https://app.prolific.com/,,,66978d746fdddabc9c3b2ff4,4,,,,,,,4,5,5,5,7,5,5,5,5,5,5,6,6,6,5,5,5,5,5,5,5,male,31,,137.28,,,,,,,,9.71,,,,22.66,10.06,,7.84,7.65,6.65,5.56,30.75,22.98,,3.26,3.77,6.39
113,2024-07-22 22:09:00,20,en,2130665641,2024-07-22 22:06:34,2024-07-22 22:09:00,https://app.prolific.com/,,,66978d746fdddabc9c3b2ff4,4,,,,,,,4,6,6,5,7,7,5,5,5,5,5,6,6,6,5,5,5,5,5,5,5,femal,49,,143.65,,,,,,,,12.03,,,,44.82,10.15,,6.17,5.83,7.25,4.05,24.87,14.05,,4.55,5.23,4.65
114,2024-07-22 22:09:14,20,en,1327181550,2024-07-22 22:06:37,2024-07-22 22:09:14,https://app.prolific.com/,,,66978d746fdddabc9c3b2ff4,1,,,,,,,1,6,6,5,6,7,5,5,5,5,3,6,6,6,3,5,5,5,5,4,5,male,56,,117.93,,,,,,,,2.74,10.58,,,,4.34,,7.82,4.56,4.57,4.74,50.46,15.17,,3.29,6.35,3.31
115,2024-07-22 22:10:29,20,en,1994699993,2024-07-22 22:06:40,2024-07-22 22:10:29,https://app.prolific.com/,,,66978d746fdddabc9c3b2ff4,2,,,,,,,2,2,4,4,4,2,2,3,2,2,4,6,6,6,3,5,4,3,3,2,4,male,54,,213.98,,,,,,,,14.04,,60.43,,,13.12,,13.06,11.59,8.39,7.47,43.4,28.26,,4.32,4.5,5.4
116,2024-07-22 22:09:07,20,en,1561231811,2024-07-22 22:06:50,2024-07-22 22:09:07,https://app.prolific.com/,,,66978d746fdddabc9c3b2ff4,3,,,,,,,4,6,6,5,7,7,5,5,5,5,5,5,5,5,5,5,5,5,5,5,5,femal,31,,135.33,,,,,,,,15.19,,,23.1,,13.72,,8.82,7.04,4.97,5.96,19.84,20.2,,4.36,6.48,5.65
117,2024-07-22 22:09:50,20,en,568716287,2024-07-22 22:06:52,2024-07-22 22:09:50,https://app.prolific.com/,,,66978d746fdddabc9c3b2ff4,4,,,,,,,4,6,6,5,7,6,5,5,5,4,5,6,6,6,5,5,5,5,5,3,5,male,38,,177.76,,,,,,,,10.66,,,,31.14,14.34,,10.11,6.1,9.86,12.5,45.58,19.28,,4.26,8,5.93
118,2024-07-22 22:11:00,20,en,159263226,2024-07-22 22:06:52,2024-07-22 22:11:00,https://app.prolific.com/,,,66978d746fdddabc9c3b2ff4,3,,,,,,,3,6,6,5,7,7,5,5,5,5,5,6,6,5,5,5,5,5,5,5,5,male,63,,189.48,,,,,,,,16.27,,,24.15,,24.31,,12.66,6.35,9.91,8.68,51.18,21.5,,4.09,6.64,3.74
119,2024-07-22 22:11:39,20,en,487130568,2024-07-22 22:06:53,2024-07-22 22:11:39,https://app.prolific.com/,,,66978d746fdddabc9c3b2ff4,4,,,,,,,4,3,3,4,6,6,5,5,5,5,6,6,6,6,6,3,2,4,4,5,3,femal,32,,268.69,,,,,,,,21.77,,,,42.12,16.1,,23.98,9.82,14.1,8.21,72.35,42.98,,4.46,6.42,6.38
120,2024-07-22 22:10:30,20,en,2144304065,2024-07-22 22:06:54,2024-07-22 22:10:30,https://app.prolific.com/,,,66978d746fdddabc9c3b2ff4,3,,,,,,,3,6,6,5,7,7,5,5,5,5,5,6,6,6,5,5,5,5,5,5,5,male,65,,203.87,,,,,,,,12.71,,,55.24,,15.4,,8.97,7.1,9.99,5.86,45.94,22.54,,5.98,6.64,7.5
121,,10,en,357613854,2024-07-22 22:06:58,2024-07-22 22:07:42,https://app.prolific.com/,,,66978d746fdddabc9c3b2ff4,3,,,,,,,,,,,,,,,,,,,,,,,,,,,,,,,36.21,,,,,,,,10.29,,,25.92,,,,,,,,,,,,,
122,2024-07-22 22:09:17,20,en,1314058727,2024-07-22 22:06:58,2024-07-22 22:09:17,https://app.prolific.com/,,,66978d746fdddabc9c3b2ff4,2,,,,,,,2,6,6,5,7,7,5,5,5,5,5,6,6,6,5,5,5,5,5,5,5,diver,36,,128.46,,,,,,,,8.84,,26.17,,,10.83,,9.5,5.6,7.03,6.02,26.67,10.7,,5.97,6.24,4.89
123,2024-07-22 22:09:22,20,en,65272547,2024-07-22 22:06:59,2024-07-22 22:09:22,https://app.prolific.com/,,,66978d746fdddabc9c3b2ff4,4,,,,,,,3,6,6,5,7,7,5,5,5,5,5,6,6,5,5,5,5,5,5,5,5,femal,22,,138.19,,,,,,,,14.23,,,,25.71,13.25,,6.45,6.72,10.92,5.2,26.09,13.27,,5.92,4.72,5.71
124,2024-07-22 22:09:38,20,en,941342250,2024-07-22 22:06:59,2024-07-22 22:09:38,https://app.prolific.com/,,,66978d746fdddabc9c3b2ff4,4,,,,,,,3,2,5,4,7,2,2,2,2,2,5,6,2,2,2,1,5,5,5,1,5,femal,34,,147.17,,,,,,,,8.1,,,,24.82,9.18,,20.63,5.93,4.84,5.28,39.21,17.75,,4.12,4.04,3.27
125,2024-07-22 22:10:07,20,en,848988712,2024-07-22 22:07:12,2024-07-22 22:10:07,https://app.prolific.com/,,,66978d746fdddabc9c3b2ff4,3,,,,,,,4,4,5,5,6,4,3,3,3,3,5,6,6,6,3,3,4,4,3,2,4,femal,22,,164.56,,,,,,,,14.52,,,27.55,,15.7,,10.76,16.1,7.69,11.32,29.35,16.34,,2.96,5.98,6.29
126,2024-07-22 22:11:11,20,en,2005131834,2024-07-22 22:07:16,2024-07-22 22:11:11,https://app.prolific.com/,,,66978d746fdddabc9c3b2ff4,1,,,,,,,1,6,6,5,7,5,4,4,3,3,5,6,6,3,5,4,5,3,5,2,5,male,57,,222.4,,,,,,,,22.43,55.45,,,,16.62,,10.02,7.81,8.19,12.18,52.01,23.9,,4.22,4.45,5.12
127,2024-07-22 22:10:48,20,en,1272828823,2024-07-22 22:07:18,2024-07-22 22:10:48,https://app.prolific.com/,,,66978d746fdddabc9c3b2ff4,2,,,,,,,4,6,6,5,7,7,5,5,5,5,5,6,6,6,6,5,5,5,5,5,5,male,36,,207.05,,,,,,,,11.16,,61.23,,,19.69,,10.95,6.11,6.74,9.11,50.23,19.37,,3.96,4.41,4.09
128,2024-07-22 22:10:30,20,en,1149978454,2024-07-22 22:07:20,2024-07-22 22:10:30,https://app.prolific.com/,,,66978d746fdddabc9c3b2ff4,1,,,,,,,1,6,6,5,7,7,5,5,5,5,5,6,6,6,5,5,5,5,5,5,5,male,24,,166.94,,,,,,,,14.89,33.84,,,,15.79,,7.3,5,6.59,5.92,47.45,15.47,,3.7,6.97,4.02
129,2024-07-22 22:10:28,20,en,1461876185,2024-07-22 22:07:20,2024-07-22 22:10:28,https://app.prolific.com/,,,66978d746fdddabc9c3b2ff4,3,,,,,,,1,6,6,5,7,7,5,5,5,5,5,6,6,6,5,5,5,5,5,5,5,femal,26,,184.49,,,,,,,,16.31,,,35.75,,27.64,,8.88,7.13,6.47,7.79,43.76,18.06,,5,4.24,3.46
130,2024-07-22 22:10:04,20,en,1538582794,2024-07-22 22:07:20,2024-07-22 22:10:04,https://app.prolific.com/,,,66978d746fdddabc9c3b2ff4,1,,,,,,,1,6,6,5,7,7,5,5,5,5,5,6,5,6,5,6,5,5,5,5,5,male,32,,156.41,,,,,,,,15.4,36.07,,,,11.6,,5.92,5.02,10.03,4.21,38.91,19.21,,4.03,3.03,2.98
131,,-1,en,688405809,2024-07-22 22:07:23,2024-07-22 22:07:23,,,,66978d746fdddabc9c3b2ff4,,,,,,,,,,,,,,,,,,,,,,,,,,,,,,,,0,,,,,,,,,,,,,,,,,,,,,,,,
132,2024-07-22 22:10:52,20,en,63765543,2024-07-22 22:07:25,2024-07-22 22:10:52,https://app.prolific.com/,,,66978d746fdddabc9c3b2ff4,3,,,,,,,3,6,6,5,7,7,5,5,5,5,5,6,6,5,5,5,5,5,5,5,5,male,37,,198.96,,,,,,,,15.89,,,65,,15.4,,8.07,5.64,7.19,4.97,33.8,26.18,,5.78,5.86,5.18
133,2024-07-22 22:10:31,20,en,1026971731,2024-07-22 22:07:25,2024-07-22 22:10:31,https://app.prolific.com/,,,66978d746fdddabc9c3b2ff4,3,,,,,,,3,6,6,5,7,7,5,5,5,5,5,6,6,6,5,5,5,5,5,5,5,femal,44,,167.11,,,,,,,,19.18,,,47.49,,9.59,,8.61,12.16,5.56,4.7,29.19,18.54,,3.72,4.7,3.67
134,2024-07-22 22:10:17,20,en,251599843,2024-07-22 22:07:31,2024-07-22 22:10:17,https://app.prolific.com/,,,66978d746fdddabc9c3b2ff4,1,,,,,,,1,6,6,5,7,7,5,5,5,5,5,6,6,6,5,5,5,5,5,5,5,femal,24,,160.76,,,,,,,,14.23,40.93,,,,17.76,,9.33,4.86,6.03,3.53,33.73,14.6,,8.19,3.99,3.58
135,2024-07-22 22:09:56,20,en,635863268,2024-07-22 22:07:33,2024-07-22 22:09:56,https://app.prolific.com/,,,66978d746fdddabc9c3b2ff4,3,,,,,,,3,6,6,5,7,7,5,5,5,5,5,6,6,6,6,5,5,5,5,5,5,femal,27,,105.41,,,,,,,,5.71,,,35.15,,5.66,,5.8,3.69,4.07,2.59,20.53,11.84,,3.36,4.51,2.5
136,2024-07-22 22:11:53,20,en,279655939,2024-07-22 22:07:33,2024-07-22 22:11:53,https://app.prolific.com/,,,66978d746fdddabc9c3b2ff4,2,,,,,,,3,6,6,5,7,5,5,5,5,5,5,6,6,6,5,5,5,5,5,4,5,male,21,,249.79,,,,,,,,6.67,,29.77,,,11.16,,9.24,6.18,5.48,7.09,133.04,26.93,,4.42,6.59,3.22
137,2024-07-22 22:18:44,20,en,1232936534,2024-07-22 22:07:34,2024-07-22 22:18:44,https://app.prolific.com/,,,66978d746fdddabc9c3b2ff4,4,,,,,,,4,6,6,5,7,7,5,5,5,5,5,6,5,5,5,5,5,5,5,5,5,femal,41,,204.23,,,,,,,,35.82,,,,39.17,14.97,,8.35,6.4,7.04,7.04,48.59,22.06,,4.63,3.99,6.17
138,2024-07-22 22:14:06,20,en,872490264,2024-07-22 22:07:36,2024-07-22 22:14:06,https://app.prolific.com/,,,66978d746fdddabc9c3b2ff4,3,,,,,,,3,3,5,5,7,5,5,5,3,3,5,6,6,6,6,5,6,6,4,3,6,femal,21,,384.56,,,,,,,,8.79,,,30.53,,16.75,,149.43,8.59,10.98,9.99,57.3,62.11,,11.75,11.69,6.65
139,2024-07-22 22:10:36,20,en,377083761,2024-07-22 22:07:37,2024-07-22 22:10:36,https://app.prolific.com/,,,66978d746fdddabc9c3b2ff4,1,,,,,,,1,6,6,5,7,7,5,5,5,5,5,6,6,6,6,5,5,5,5,5,5,male,20,,135.18,,,,,,,,10.53,29.16,,,,12.55,,8.23,4.56,5.16,5.14,33.3,11.77,,4.59,4.85,5.34
140,2024-07-22 22:11:55,20,en,2016709459,2024-07-22 22:07:40,2024-07-22 22:11:55,https://app.prolific.com/,,,66978d746fdddabc9c3b2ff4,4,,,,,,,4,5,5,5,6,6,4,4,4,4,4,6,6,6,4,5,5,5,5,5,5,male,29,,235.77,,,,,,,,17.43,,,,39.97,14.28,,13.66,9.71,6.37,8.99,77.59,32.15,,4.44,5.48,5.7
141,2024-07-22 22:09:55,20,en,1295902448,2024-07-22 22:07:43,2024-07-22 22:09:55,https://app.prolific.com/,,,66978d746fdddabc9c3b2ff4,3,,,,,,,3,6,6,5,7,7,5,5,5,5,5,6,6,2,5,5,5,5,5,4,5,femal,38,,132.07,,,,,,,,23.69,,,23.19,,9.05,,5.69,4.87,4.74,4.64,25.93,17.87,,4.28,4.53,3.59
142,2024-07-22 22:13:00,20,en,1295015106,2024-07-22 22:07:46,2024-07-22 22:13:00,https://app.prolific.com/,,,66978d746fdddabc9c3b2ff4,4,,,,,,,4,3,6,2,4,5,5,5,3,4,5,3,2,3,5,4,5,5,4,4,5,femal,26,,197.91,,,,,,,,11.89,,,,59.75,10.61,,16.98,14.94,5.24,5.61,36.24,20.43,,4.19,4.95,7.08
143,2024-07-22 22:10:03,20,en,1244485209,2024-07-22 22:07:47,2024-07-22 22:10:03,https://app.prolific.com/,,,66978d746fdddabc9c3b2ff4,4,,,,,,,4,6,6,5,7,7,5,5,5,5,5,6,6,6,5,5,5,5,5,5,5,male,45,,135.24,,,,,,,,13.04,,,,28.24,9.73,,10.53,6.71,6.19,5.29,28.19,12.85,,4.39,4.82,5.26
144,2024-07-22 22:12:02,20,en,1593228422,2024-07-22 22:07:53,2024-07-22 22:12:02,https://app.prolific.com/,,,66978d746fdddabc9c3b2ff4,4,,,,,,,4,6,6,5,7,7,5,5,5,5,5,6,6,6,5,5,5,5,5,5,5,male,69,,244.93,,,,,,,,18.57,,,,56.36,15.7,,11.18,6.27,17.6,7.45,52.95,34.33,,4.78,11.37,8.37
145,2024-07-22 22:09:53,20,en,1412110468,2024-07-22 22:07:56,2024-07-22 22:09:53,https://app.prolific.com/,,,66978d746fdddabc9c3b2ff4,3,,,,,,,3,6,6,5,7,7,5,5,5,5,5,2,3,5,5,5,5,5,5,5,5,male,50,,119.03,,,,,,,,9.86,,,30.42,,10.92,,7.69,4.57,6.5,3.48,24.91,9.43,,3.1,3.6,4.55
146,2024-07-22 22:11:25,20,en,1096152215,2024-07-22 22:07:57,2024-07-22 22:11:25,https://app.prolific.com/,,,66978d746fdddabc9c3b2ff4,4,,,,,,,4,3,5,3,6,4,3,2,3,2,4,6,6,3,4,6,5,4,3,3,4,male,46,,208.96,,,,,,,,4.13,,,,56.98,8.92,,16.03,5.51,13.37,14.01,49.03,25.23,,4.3,5.65,5.8
147,2024-07-22 22:12:27,20,en,573002179,2024-07-22 22:07:57,2024-07-22 22:12:27,https://app.prolific.com/,,,66978d746fdddabc9c3b2ff4,1,,,,,,,1,6,6,5,7,7,4,4,5,5,5,6,6,5,5,5,5,5,5,4,5,femal,50,,246.45,,,,,,,,21.4,33.6,,,,26.21,,12.49,9.64,13.07,12.21,62.31,30.46,,6.26,11.84,6.96
148,2024-07-22 22:12:21,20,en,1695915143,2024-07-22 22:07:59,2024-07-22 22:12:21,https://app.prolific.com/,,,66978d746fdddabc9c3b2ff4,4,,,,,,,4,6,6,5,7,7,5,5,5,5,5,6,5,5,5,5,5,5,5,5,5,male,38,,246.94,,,,,,,,52.92,,,,29.97,27.29,,8.63,5.9,5.44,7.51,49.9,19.13,,3.3,5.85,31.1
149,,6,en,535867925,2024-07-22 22:07:59,2024-07-22 22:08:31,https://app.prolific.com/,,,66978d746fdddabc9c3b2ff4,1,,,,,,,,,,,,,,,,,,,,,,,,,,,,,,,15.27,,,,,,,,15.27,,,,,,,,,,,,,,,,
150,2024-07-22 22:11:26,20,en,1426192642,2024-07-22 22:08:05,2024-07-22 22:11:26,https://app.prolific.com/,,,66978d746fdddabc9c3b2ff4,4,,,,,,,4,6,6,5,7,7,5,5,5,5,5,6,6,6,5,5,5,5,5,5,5,femal,52,,192.54,,,,,,,,10.37,,,,34.57,14.24,,13.29,5.6,9.39,14.01,55.55,19.06,,4.17,6.91,5.38
151,2024-07-22 22:09:56,20,en,226753839,2024-07-22 22:08:08,2024-07-22 22:09:56,https://app.prolific.com/,,,66978d746fdddabc9c3b2ff4,1,,,,,,,1,5,5,5,7,7,5,5,5,5,5,6,6,6,5,5,5,5,5,5,5,femal,31,,107.77,,,,,,,,14.48,27.93,,,,9.91,,7.13,3.52,4.12,3.28,14.47,12.27,,3.59,4.47,2.6
152,2024-07-22 22:11:55,20,en,1096703931,2024-07-22 22:08:08,2024-07-22 22:11:55,https://app.prolific.com/,,,66978d746fdddabc9c3b2ff4,1,,,,,,,1,6,6,5,7,7,5,5,5,5,5,6,6,6,5,5,5,5,5,5,5,femal,55,,211.95,,,,,,,,16.19,36.23,,,,23.73,,11.65,6.65,6.49,5.88,45.09,36.14,,10.68,5.88,7.34
153,2024-07-22 22:11:52,20,en,1254250158,2024-07-22 22:08:12,2024-07-22 22:11:52,https://app.prolific.com/,,,66978d746fdddabc9c3b2ff4,4,,,,,,,4,2,4,5,7,7,4,4,4,6,4,6,6,6,4,4,4,4,4,4,4,male,69,,211.95,,,,,,,,17.52,,,,32.12,16.54,,15.06,9.59,11.64,5.43,58.08,23.17,,5.24,8.31,9.25
154,2024-07-22 22:11:12,20,en,716213318,2024-07-22 22:08:13,2024-07-22 22:11:12,https://app.prolific.com/,,,66978d746fdddabc9c3b2ff4,1,,,,,,,3,6,6,5,7,7,6,6,6,6,6,1,1,6,6,5,5,5,5,5,5,male,47,,128.62,,,,,,,,19.25,26.22,,,,11,,4.86,4.92,4.57,4.1,18.79,17.88,,4.24,8.02,4.77
155,2024-07-22 22:10:52,20,en,1350597820,2024-07-22 22:08:20,2024-07-22 22:10:52,https://app.prolific.com/,,,66978d746fdddabc9c3b2ff4,2,,,,,,,2,2,5,3,5,1,4,4,3,4,5,6,6,6,6,5,5,4,3,2,4,male,20,,144.56,,,,,,,,7.69,,21.54,,,10.32,,6.98,5.7,6.3,7.85,44.97,19.47,,2.83,7.1,3.81
156,2024-07-22 22:12:30,20,en,1044591471,2024-07-22 22:08:21,2024-07-22 22:12:29,https://app.prolific.com/,,,66978d746fdddabc9c3b2ff4,3,,,,,,,3,6,6,5,7,5,5,4,4,4,5,6,6,6,5,5,5,5,5,4,5,femal,37,,237.6,,,,,,,,18.39,,,41.12,,11.75,,11.45,6.95,5.04,8.01,103.96,19.15,,4.38,4.4,3
157,2024-07-22 22:11:56,20,en,1147731392,2024-07-22 22:08:28,2024-07-22 22:11:56,https://app.prolific.com/,,,66978d746fdddabc9c3b2ff4,1,,,,,,,1,6,4,5,7,5,4,3,4,4,5,6,6,4,5,5,5,4,4,1,5,male,32,,185.52,,,,,,,,19.06,24.88,,,,17.62,,13.74,6.07,4.61,18.99,38.89,31.11,,3.42,3.9,3.23
158,2024-07-22 22:12:16,20,en,192160204,2024-07-22 22:08:30,2024-07-22 22:12:16,https://app.prolific.com/,,,66978d746fdddabc9c3b2ff4,4,,,,,,,2,6,6,5,6,7,5,5,5,5,5,6,6,5,5,5,5,5,5,4,5,femal,56,,221.56,,,,,,,,14.56,,,,60.59,30.49,,8.56,5.74,8.43,7.98,42.87,26.33,,5.35,5.02,5.64
159,2024-07-22 22:12:48,20,en,1181653091,2024-07-22 22:08:30,2024-07-22 22:12:48,https://app.prolific.com/,,,66978d746fdddabc9c3b2ff4,4,,,,,,,4,4,5,4,6,6,4,4,4,4,5,6,6,6,4,5,5,4,4,3,5,male,31,,218.85,,,,,,,,20.54,,,,43.93,12.81,,17.07,11.65,10.02,8.39,53.9,27.47,,4.15,3.39,5.53
160,2024-07-22 22:10:36,20,en,1998803463,2024-07-22 22:08:30,2024-07-22 22:10:36,https://app.prolific.com/,,,66978d746fdddabc9c3b2ff4,4,,,,,,,3,6,6,5,7,7,5,5,5,5,5,3,5,4,5,5,5,5,5,5,5,male,49,,126.56,,,,,,,,2.65,,,,23.3,10.37,,7.15,4.21,5,3.54,46.48,7.52,,8.59,4.84,2.91
161,2024-07-22 22:14:49,20,en,465213204,2024-07-22 22:08:31,2024-07-22 22:14:49,https://app.prolific.com/,,,66978d746fdddabc9c3b2ff4,2,,,,,,,2,4,6,4,6,6,5,6,3,5,6,2,3,3,5,6,5,5,4,3,5,male,37,,361.32,,,,,,,,207.64,,43.66,,,11.97,,9.09,3.91,5.48,5.04,41.72,20.77,,4.32,5.04,2.68
162,2024-07-22 22:11:07,20,en,2031871529,2024-07-22 22:08:36,2024-07-22 22:11:07,https://app.prolific.com/,,,66978d746fdddabc9c3b2ff4,3,,,,,,,3,6,6,5,7,7,5,5,5,5,5,6,6,6,6,5,5,5,5,5,5,male,29,,128.35,,,,,,,,10.69,,,23.47,,11.35,,9.45,5.48,6.06,5.81,24.81,16.81,,4.32,6.42,3.68
163,2024-07-22 22:11:34,20,en,2108098298,2024-07-22 22:08:36,2024-07-22 22:11:34,https://app.prolific.com/,,,66978d746fdddabc9c3b2ff4,1,,,,,,,1,6,6,5,7,7,5,5,5,5,5,6,6,6,5,5,5,5,5,5,5,femal,30,,160.36,,,,,,,,13.65,25.86,,,,14.46,,8.61,6.1,6.4,5.74,44.41,22.99,,3.82,3.92,4.4
164,2024-07-22 22:11:16,20,en,367987425,2024-07-22 22:08:36,2024-07-22 22:11:16,https://app.prolific.com/,,,66978d746fdddabc9c3b2ff4,4,,,,,,,3,6,6,5,7,7,5,5,5,5,4,6,6,4,4,5,5,5,5,5,5,femal,33,,148.36,,,,,,,,13.58,,,,23.18,11.13,,8.11,5.35,5.8,5.28,45.88,16.94,,3.96,5.24,3.91
165,2024-07-22 22:11:57,20,en,1626969304,2024-07-22 22:08:37,2024-07-22 22:11:57,https://app.prolific.com/,,,66978d746fdddabc9c3b2ff4,3,,,,,,,3,6,6,5,7,7,5,5,5,5,6,6,6,6,5,5,5,5,5,5,5,femal,52,,192.58,,,,,,,,14.67,,,64.59,,20.82,,7.35,5.75,5.83,4.94,31.36,22.81,,4.28,4.55,5.63
166,2024-07-22 22:11:36,20,en,355175198,2024-07-22 22:08:38,2024-07-22 22:11:36,https://app.prolific.com/,,,66978d746fdddabc9c3b2ff4,1,,,,,,,1,2,5,2,2,2,2,2,2,2,5,2,2,2,2,5,5,2,2,1,5,femal,33,,178.5,,,,,,,,21.48,38.13,,,,18.44,,14.88,9.06,8.56,7.26,32.92,13.3,,4.76,6.06,3.65
167,2024-07-22 22:10:38,20,en,365435428,2024-07-22 22:08:41,2024-07-22 22:10:38,https://app.prolific.com/,,,66978d746fdddabc9c3b2ff4,2,,,,,,,4,6,6,5,7,7,5,5,5,5,5,6,6,6,5,5,5,5,5,5,5,male,19,,112.42,,,,,,,,9.94,,20.77,,,16.34,,7.69,4.47,5.04,4.96,22.85,9.4,,3.81,4.45,2.7
168,2024-07-22 22:11:27,20,en,331401822,2024-07-22 22:08:41,2024-07-22 22:11:27,https://app.prolific.com/,,,66978d746fdddabc9c3b2ff4,1,,,,,,,1,6,6,5,6,6,5,5,5,5,5,5,6,5,5,5,5,5,5,5,5,male,31,,113.02,,,,,,,,6.45,22.53,,,,8.81,,7.91,5.47,5.47,4,24.92,15.05,,2.92,6.61,2.88
169,2024-07-22 22:10:56,20,en,701940721,2024-07-22 22:08:44,2024-07-22 22:10:56,https://app.prolific.com/,,,66978d746fdddabc9c3b2ff4,4,,,,,,,4,6,6,5,7,7,5,5,5,5,5,6,6,6,5,5,5,5,5,5,5,male,50,,126.16,,,,,,,,9.14,,,,24.23,7.37,,8.52,5.59,5.74,5.31,23.68,23.84,,5.07,4.56,3.11
170,2024-07-22 22:11:49,20,en,2129161169,2024-07-22 22:08:50,2024-07-22 22:11:49,https://app.prolific.com/,,,66978d746fdddabc9c3b2ff4,3,,,,,,,3,5,6,5,7,7,5,5,5,5,5,6,6,6,5,5,5,5,5,5,5,femal,34,,170.74,,,,,,,,17.66,,,22.93,,9.69,,13.46,5.46,7.1,6.19,42.32,25.09,,3.9,8.78,8.16
171,2024-07-22 22:14:47,20,en,2102943433,2024-07-22 22:08:54,2024-07-22 22:14:47,https://app.prolific.com/,,,66978d746fdddabc9c3b2ff4,3,,,,,,,1,6,6,5,7,7,4,4,4,4,4,5,4,3,4,5,5,4,4,4,4,femal,41,,211.68,,,,,,,,16.31,,,56.25,,17.65,,7.83,5.88,6.68,5.47,66.76,16.43,,3.98,4.4,4.04
172,2024-07-22 22:11:47,20,en,595967086,2024-07-22 22:08:58,2024-07-22 22:11:47,https://app.prolific.com/,,,66978d746fdddabc9c3b2ff4,3,,,,,,,4,3,4,3,5,7,4,2,3,2,4,3,4,6,3,4,5,3,3,1,3,femal,23,,166.4,,,,,,,,16.84,,,27.54,,10.83,,6.77,6.23,5.59,7.47,45.58,25.12,,3.03,3.91,7.49
173,2024-07-22 22:11:11,20,en,128365930,2024-07-22 22:09:01,2024-07-22 22:11:11,https://app.prolific.com/,,,66978d746fdddabc9c3b2ff4,4,,,,,,,2,6,6,5,7,7,5,6,6,6,6,6,6,6,6,5,6,6,6,5,6,male,37,,131.7,,,,,,,,12.01,,,,19.75,14.58,,8.57,3.23,3.72,7.92,36.66,13.04,,5.57,4.03,2.62
174,2024-07-22 22:12:35,20,en,78517908,2024-07-22 22:09:03,2024-07-22 22:12:35,https://app.prolific.com/,,,66978d746fdddabc9c3b2ff4,1,,,,,,,1,4,4,5,7,5,5,5,5,4,5,6,6,6,6,4,5,5,5,5,5,femal,38,,193.65,,,,,,,,17.09,50.61,,,,18.24,,10.75,5.88,8.7,12.06,31.95,20.77,,5.64,5.72,6.24
175,2024-07-22 22:11:07,20,en,1865287494,2024-07-22 22:09:03,2024-07-22 22:11:07,https://app.prolific.com/,,,66978d746fdddabc9c3b2ff4,3,,,,,,,3,6,6,5,7,7,5,5,5,5,5,6,6,6,6,5,5,5,5,5,5,femal,32,,122.8,,,,,,,,2.98,,,34.94,,6.28,,7.68,5.78,5.45,4.07,31.18,13.45,,4.29,3.89,2.81
176,2024-07-22 22:12:21,20,en,895439176,2024-07-22 22:09:06,2024-07-22 22:12:21,https://app.prolific.com/,,,66978d746fdddabc9c3b2ff4,3,,,,,,,3,6,6,5,7,7,5,5,5,5,5,6,6,6,5,6,5,5,5,5,5,male,44,,187.38,,,,,,,,12.15,,,51.44,,9.3,,9.04,5.43,5.39,5.64,28.41,23.82,,26.23,5.42,5.11
177,2024-07-22 22:11:14,20,en,1510058419,2024-07-22 22:09:06,2024-07-22 22:11:14,https://app.prolific.com/,,,66978d746fdddabc9c3b2ff4,4,,,,,,,4,6,5,5,6,5,5,5,4,4,4,6,6,4,4,5,4,4,4,4,5,femal,23,,126.65,,,,,,,,8.01,,,,26.73,9.18,,7.91,4.43,7.55,5.88,28.47,18.04,,3.13,3.06,4.26
178,2024-07-22 22:12:05,20,en,402104975,2024-07-22 22:09:10,2024-07-22 22:12:05,https://app.prolific.com/,,,66978d746fdddabc9c3b2ff4,2,,,,,,,2,6,6,5,7,7,5,5,5,5,5,6,6,5,5,6,5,5,5,5,5,male,25,,158.46,,,,,,,,10.58,,34.11,,,9.74,,6.96,3.73,4.91,4.42,38.81,28.14,,5.41,4.61,7.04
179,2024-07-22 22:11:33,20,en,823341124,2024-07-22 22:09:18,2024-07-22 22:11:33,https://app.prolific.com/,,,66978d746fdddabc9c3b2ff4,4,,,,,,,4,5,5,5,7,7,5,5,5,5,5,6,6,5,5,5,5,5,5,5,5,femal,40,,122.51,,,,,,,,10.47,,,,38.77,6.81,,7.84,5.55,5.12,4.32,16.43,13.22,,3.1,3.74,7.14
180,2024-07-22 22:12:41,20,en,2078296034,2024-07-22 22:09:19,2024-07-22 22:12:41,https://app.prolific.com/,,,66978d746fdddabc9c3b2ff4,1,,,,,,,1,6,6,5,7,5,5,5,5,5,5,6,6,6,5,5,5,5,5,5,5,male,44,,191.43,,,,,,,,10.13,46.88,,,,12.79,,11.02,6.75,7.28,8.57,45.96,26.23,,4.75,5.67,5.4
181,2024-07-22 22:12:41,20,en,295371934,2024-07-22 22:09:19,2024-07-22 22:12:41,https://app.prolific.com/,,,66978d746fdddabc9c3b2ff4,2,,,,,,,2,5,6,5,6,7,5,5,4,4,5,6,6,4,4,5,5,5,5,4,5,male,23,,195.81,,,,,,,,11.04,,23.54,,,18.92,,18.33,6.39,8.61,8.26,59.45,24.61,,6.43,6.22,4.01
182,2024-07-22 22:12:07,20,en,1957427327,2024-07-22 22:09:19,2024-07-22 22:12:07,https://app.prolific.com/,,,66978d746fdddabc9c3b2ff4,4,,,,,,,4,6,6,5,6,6,5,5,5,5,5,6,6,6,5,5,5,5,4,4,5,femal,50,,165.76,,,,,,,,12.15,,,,48.03,11.04,,7.57,7.38,5.02,4.1,36.18,14.49,,6.77,9.42,3.61
183,2024-07-22 22:12:22,20,en,1888147841,2024-07-22 22:09:22,2024-07-22 22:12:22,https://app.prolific.com/,,,66978d746fdddabc9c3b2ff4,4,,,,,,,4,6,6,5,7,7,5,5,5,5,5,6,6,6,5,5,5,5,5,5,5,femal,41,,168.31,,,,,,,,13.97,,,,22.15,7.14,,7.99,4.05,4.17,5.62,30.68,55.02,,5.32,4.48,7.72
184,2024-07-22 22:11:44,20,en,637627324,2024-07-22 22:09:23,2024-07-22 22:11:44,https://app.prolific.com/,,,66978d746fdddabc9c3b2ff4,2,,,,,,,2,6,6,5,7,7,5,5,5,5,5,6,6,6,5,5,5,5,5,5,5,male,30,,135.23,,,,,,,,17.22,,22.61,,,16.09,,9.59,5.09,3.59,4.38,29.79,13,,3.98,4.79,5.1
185,2024-07-22 22:16:23,20,en,1899447757,2024-07-22 22:09:25,2024-07-22 22:16:23,https://app.prolific.com/,,,66978d746fdddabc9c3b2ff4,3,,,,,,,3,5,5,5,7,7,5,5,5,5,5,6,6,6,6,5,5,5,5,5,5,femal,23,,415.54,,,,,,,,11.23,,,44.95,,285.47,,13.1,6.89,4.32,3.54,21.96,9.7,,5.33,4.46,4.59
186,2024-07-22 22:11:20,20,en,1555234548,2024-07-22 22:09:27,2024-07-22 22:11:20,https://app.prolific.com/,,,66978d746fdddabc9c3b2ff4,3,,,,,,,3,6,6,5,7,7,5,5,5,5,5,6,5,5,5,5,5,5,5,5,5,femal,35,,111.64,,,,,,,,8.4,,,30.23,,7.5,,5.33,4.09,3.86,4.83,21.64,10.81,,5.03,4.6,5.32
187,2024-07-22 22:12:31,20,en,573342306,2024-07-22 22:09:27,2024-07-22 22:12:31,https://app.prolific.com/,,,66978d746fdddabc9c3b2ff4,4,,,,,,,4,6,6,5,7,6,4,4,4,4,4,3,3,4,4,2,5,4,4,2,5,femal,30,,180.7,,,,,,,,46.6,,,,22.51,14.28,,7.38,4.55,6.14,11.99,31.42,23.52,,4.35,4.94,3.02
188,,9,en,989426537,2024-07-22 22:09:35,2024-07-22 22:09:56,https://app.prolific.com/,,,66978d746fdddabc9c3b2ff4,4,,,,,,,,,,,,,,,,,,,,,,,,,,,,,,,9.61,,,,,,,,9.61,,,,,,,,,,,,,,,,
189,2024-07-22 22:12:38,20,en,744986262,2024-07-22 22:09:35,2024-07-22 22:12:38,https://app.prolific.com/,,,66978d746fdddabc9c3b2ff4,2,,,,,,,2,3,6,4,6,3,4,4,3,4,5,6,6,2,6,4,4,4,6,3,4,femal,31,,180.53,,,,,,,,14,,39.59,,,8.87,,14.03,5.52,5.93,5.8,34.79,35.94,,4.76,5.69,5.61
190,2024-07-22 22:11:40,20,en,783396968,2024-07-22 22:09:40,2024-07-22 22:11:40,https://app.prolific.com/,,,66978d746fdddabc9c3b2ff4,4,,,,,,,4,6,6,5,7,7,5,5,5,5,5,5,5,5,5,5,5,5,5,5,5,femal,54,,114.56,,,,,,,,10.7,,,,23.3,10.15,,7.48,5.01,5.19,6.48,24.65,9.72,,4.3,4.47,3.11
191,2024-07-22 22:12:43,20,en,2026530679,2024-07-22 22:09:43,2024-07-22 22:12:43,https://app.prolific.com/,,,66978d746fdddabc9c3b2ff4,4,,,,,,,4,6,6,5,7,6,4,4,3,4,4,6,6,3,4,4,4,4,4,4,4,femal,39,,180.17,,,,,,,,31.3,,,,26.87,9.19,,8.63,6.17,4.43,9.81,58.81,14.46,,3.92,4.11,2.47
192,2024-07-22 22:12:52,20,en,1019544386,2024-07-22 22:09:43,2024-07-22 22:12:52,https://app.prolific.com/,,,66978d746fdddabc9c3b2ff4,2,,,,,,,2,5,5,5,5,5,4,4,4,4,5,6,6,6,5,5,5,5,4,3,5,male,46,,191.05,,,,,,,,23.34,,46.43,,,16.91,,12.62,5.5,6.49,5.79,37.53,16.46,,8.81,5.71,5.46
193,2024-07-22 22:14:19,20,en,1525432488,2024-07-22 22:09:43,2024-07-22 22:14:19,https://app.prolific.com/,,,66978d746fdddabc9c3b2ff4,2,,,,,,,2,6,6,5,7,7,5,5,5,5,5,6,6,6,5,5,5,5,5,5,5,femal,36,,256.01,,,,,,,,15.96,,80.22,,,14.04,,14.09,7.96,8.32,9.18,33.71,46.81,,12.75,5.9,7.07
194,2024-07-22 22:12:19,20,en,1510725839,2024-07-22 22:09:45,2024-07-22 22:12:19,https://app.prolific.com/,,,66978d746fdddabc9c3b2ff4,2,,,,,,,2,6,6,5,7,7,5,5,5,5,5,6,6,6,5,5,5,5,5,5,5,femal,45,,142.97,,,,,,,,10.87,,25.02,,,8.72,,9.54,4.78,7.76,6,29.9,21.76,,5.16,4.53,8.93
195,2024-07-22 22:13:47,20,en,380028750,2024-07-22 22:09:47,2024-07-22 22:13:47,https://app.prolific.com/,,,66978d746fdddabc9c3b2ff4,2,,,,,,,2,6,6,5,7,7,5,5,5,5,5,6,6,5,5,6,5,5,5,5,5,femal,37,,230.75,,,,,,,,19.08,,61.53,,,14.14,,10.73,5.56,15.01,8.2,41.54,42.17,,3.59,5.46,3.74
196,2024-07-22 22:12:29,20,en,232381794,2024-07-22 22:09:50,2024-07-22 22:12:29,https://app.prolific.com/,,,66978d746fdddabc9c3b2ff4,1,,,,,,,1,5,5,5,7,7,5,5,5,5,5,2,6,6,5,4,5,5,3,3,5,male,23,,156.15,,,,,,,,8.3,24.02,,,,12.99,,10.96,4.62,4.45,4.81,57.26,14.22,,4.9,5.72,3.9
197,2024-07-22 22:12:57,20,en,43747648,2024-07-22 22:09:59,2024-07-22 22:12:57,https://app.prolific.com/,,,66978d746fdddabc9c3b2ff4,3,,,,,,,3,5,5,5,7,5,4,4,4,4,4,6,6,6,4,5,5,5,5,5,5,femal,36,,166.2,,,,,,,,9.56,,,27.71,,10.95,,10.45,6.83,11.61,8.63,39.22,27.49,,3.52,5.81,4.42
198,2024-07-22 22:13:48,20,en,912992280,2024-07-22 22:09:59,2024-07-22 22:13:48,https://app.prolific.com/,,,66978d746fdddabc9c3b2ff4,1,,,,,,,1,6,6,5,7,7,5,5,5,5,5,6,6,6,5,5,5,5,5,5,5,femal,61,,222.69,,,,,,,,16.67,72.61,,,,11.26,,7.95,6.41,6.75,5.84,58.72,16.92,,6.58,6.96,6.02
199,2024-07-22 22:12:55,20,en,206530211,2024-07-22 22:10:01,2024-07-22 22:12:55,https://app.prolific.com/,,,66978d746fdddabc9c3b2ff4,4,,,,,,,4,6,6,5,7,7,5,5,5,5,5,6,6,5,5,5,5,5,5,4,5,femal,37,,168.33,,,,,,,,10.92,,,,33.72,11.86,,15.86,9.36,10.37,12.06,29.23,19.22,,3.47,6.4,5.86
200,2024-07-22 22:14:45,20,en,805228101,2024-07-22 22:10:02,2024-07-22 22:14:45,https://app.prolific.com/,,,66978d746fdddabc9c3b2ff4,3,,,,,,,4,5,5,5,6,6,5,5,5,4,5,6,6,6,4,5,4,5,4,4,5,male,64,,268.64,,,,,,,,15.36,,,71.24,,13.87,,17.47,9.17,10.72,10.95,72.62,31.62,,4.91,6.97,3.74
201,2024-07-22 22:13:59,20,en,1880322017,2024-07-22 22:10:08,2024-07-22 22:13:59,https://app.prolific.com/,,,66978d746fdddabc9c3b2ff4,2,,,,,,,2,5,6,5,7,7,5,5,5,4,5,6,6,6,5,5,5,5,5,4,5,femal,51,,217.75,,,,,,,,16.79,,28.02,,,20.89,,13.44,13.53,10.39,9.19,65.35,24.57,,4.16,6.49,4.93
202,2024-07-22 22:14:42,20,en,356379859,2024-07-22 22:10:09,2024-07-22 22:14:42,https://app.prolific.com/,,,66978d746fdddabc9c3b2ff4,4,,,,,,,4,6,6,4,6,6,4,4,5,4,4,2,1,4,4,5,5,3,5,4,5,male,33,,248.09,,,,,,,,21.44,,,,42.53,22.44,,16.28,9.41,14.4,12.27,52.34,30.41,,4.4,7.95,14.22
203,2024-07-22 22:13:57,20,en,907069120,2024-07-22 22:10:10,2024-07-22 22:13:57,https://app.prolific.com/,,,66978d746fdddabc9c3b2ff4,3,,,,,,,3,6,6,5,7,7,1,1,1,1,1,6,6,6,1,5,5,5,5,5,5,femal,22,,216.66,,,,,,,,31.42,,,60.99,,9.07,,7.78,6.03,4.07,4.08,48.77,26.75,,6.39,5.39,5.92
204,2024-07-22 22:13:50,20,en,1931456755,2024-07-22 22:10:10,2024-07-22 22:13:50,,,,66978d746fdddabc9c3b2ff4,1,,,,,,,1,6,6,5,7,7,5,5,4,4,5,6,6,4,5,5,5,5,5,4,5,femal,26,,197.46,,,,,,,,18.95,44.13,,,,19.22,,12.42,5.59,7.76,10.1,46.78,16.16,,4.62,7.21,4.52
205,2024-07-22 22:14:53,20,en,445655014,2024-07-22 22:10:20,2024-07-22 22:14:53,https://app.prolific.com/,,,66978d746fdddabc9c3b2ff4,4,,,,,,,3,6,6,5,7,7,5,5,5,5,5,6,6,5,5,6,5,5,5,5,5,male,44,,269.54,,,,,,,,62.92,,,,40.48,12.35,,8.76,7.64,6.18,9.79,70.88,33.94,,5.01,5.17,6.42
206,2024-07-22 22:12:26,20,en,2046995592,2024-07-22 22:10:21,2024-07-22 22:12:26,https://app.prolific.com/,,,66978d746fdddabc9c3b2ff4,2,,,,,,,2,6,6,5,7,7,5,5,5,5,5,5,5,5,5,5,5,5,5,5,5,femal,32,,110.98,,,,,,,,9.58,,25.66,,,13.11,,5.72,4.99,4.21,3.48,19.36,10.83,,3.86,5.01,5.17
207,2024-07-22 22:13:55,20,en,1862438825,2024-07-22 22:10:25,2024-07-22 22:13:55,https://app.prolific.com/,,,66978d746fdddabc9c3b2ff4,4,,,,,,,4,6,6,5,7,6,5,5,5,5,5,6,6,5,5,5,5,5,5,5,5,femal,51,,186.05,,,,,,,,18.9,,,,45.89,15.59,,10.26,5.5,8.76,8.29,40.65,18.07,,4.09,6.02,4.03
208,2024-07-22 22:12:51,20,en,2002453922,2024-07-22 22:10:27,2024-07-22 22:12:51,https://app.prolific.com/,,,66978d746fdddabc9c3b2ff4,4,,,,,,,4,2,3,3,5,3,2,2,2,2,3,6,6,2,1,3,3,2,1,2,3,femal,29,,142.69,,,,,,,,7.5,,,,22.42,15.58,,10.04,5.43,10.31,6.66,36.72,17.75,,3.24,4.02,3.02
209,2024-07-22 22:13:49,20,en,1099148278,2024-07-22 22:10:29,2024-07-22 22:13:49,https://app.prolific.com/,,,66978d746fdddabc9c3b2ff4,2,,,,,,,2,6,6,5,7,7,5,5,5,5,5,6,6,2,5,5,5,5,5,5,5,femal,26,,194.25,,,,,,,,24.98,,35.66,,,13.02,,10.11,7.62,8.42,6.03,43.57,18.88,,4.84,16.23,4.89
210,2024-07-22 22:14:51,20,en,2088985273,2024-07-22 22:10:30,2024-07-22 22:14:51,https://app.prolific.com/,,,66978d746fdddabc9c3b2ff4,3,,,,,,,3,4,4,5,7,7,5,5,5,5,5,1,1,5,5,5,5,5,5,3,5,femal,76,,247.64,,,,,,,,18.54,,,50.23,,44.18,,9.67,17.26,8.95,7.35,42.1,24.07,,5.94,7.94,11.41
211,2024-07-22 22:12:16,20,en,578488403,2024-07-22 22:10:33,2024-07-22 22:12:16,https://app.prolific.com/,,,66978d746fdddabc9c3b2ff4,1,,,,,,,3,4,6,3,4,2,1,1,2,4,5,1,2,1,3,5,4,4,3,2,4,femal,25,,101.27,,,,,,,,3.84,3.68,,,,14.55,,8.27,3.73,6.51,7.12,26.86,15.65,,3.42,4.48,3.16
212,2024-07-22 22:13:50,20,en,1208855109,2024-07-22 22:10:33,2024-07-22 22:13:49,https://app.prolific.com/,,,66978d746fdddabc9c3b2ff4,1,,,,,,,1,4,6,5,7,5,4,5,3,3,5,1,6,1,3,5,5,5,5,4,5,femal,21,,191.6,,,,,,,,11.01,24.5,,,,14.66,,14.82,7.75,8.6,6.55,56.95,32.94,,3.84,5.99,3.99
213,2024-07-22 22:14:39,20,en,561493621,2024-07-22 22:10:36,2024-07-22 22:14:39,https://app.prolific.com/,,,66978d746fdddabc9c3b2ff4,4,,,,,,,4,4,4,5,6,6,5,5,5,5,5,6,6,6,5,5,5,5,5,5,5,femal,45,,206.3,,,,,,,,9.01,,,,66.68,24.24,,10.59,6.23,8.36,4.96,42.13,21.35,,3.18,4.9,4.67
214,2024-07-22 22:14:39,20,en,1828359480,2024-07-22 22:10:38,2024-07-22 22:14:39,https://app.prolific.com/,,,66978d746fdddabc9c3b2ff4,1,,,,,,,1,6,6,5,7,7,6,6,6,6,6,6,6,6,6,6,6,6,6,6,6,male,34,,156.14,,,,,,,,11.71,29.93,,,,12.7,,7.76,5.95,6.12,41.8,11.97,11.81,,5.27,4.76,6.36
215,2024-07-22 22:13:15,20,en,1729836550,2024-07-22 22:10:39,2024-07-22 22:13:15,https://app.prolific.com/,,,66978d746fdddabc9c3b2ff4,2,,,,,,,2,6,6,5,7,7,5,5,5,5,5,5,3,5,5,5,5,5,5,5,5,femal,47,,150.92,,,,,,,,11.98,,46.63,,,11.91,,5.8,5.48,4.45,5.03,28.3,17.66,,4.78,5.12,3.78
216,,10,en,54506913,2024-07-22 22:10:40,2024-07-22 22:11:25,https://app.prolific.com/,,,66978d746fdddabc9c3b2ff4,4,,,,,,,,,,,,,,,,,,,,,,,,,,,,,,,36.38,,,,,,,,6.18,,,,30.2,,,,,,,,,,,,
217,2024-07-22 22:14:28,20,en,425189698,2024-07-22 22:10:41,2024-07-22 22:14:28,https://app.prolific.com/,,,66978d746fdddabc9c3b2ff4,3,,,,,,,3,6,6,5,7,7,5,5,5,5,5,6,6,5,5,5,5,5,5,5,5,male,63,,217.08,,,,,,,,16.37,,,67.09,,19.38,,12.1,9.5,8.08,7.48,36.96,17.83,,8.55,7.64,6.1
218,2024-07-22 22:13:51,20,en,134781519,2024-07-22 22:10:42,2024-07-22 22:13:51,https://app.prolific.com/,,,66978d746fdddabc9c3b2ff4,2,,,,,,,2,4,5,5,6,5,5,5,4,4,5,6,6,6,4,5,5,4,4,4,5,male,39,,166.01,,,,,,,,8.73,,33.55,,,13.94,,8,5.14,5.69,5.82,41.15,28.57,,4.67,5.24,5.51
219,2024-07-22 22:13:51,20,en,2142555279,2024-07-22 22:10:43,2024-07-22 22:13:51,https://app.prolific.com/,,,66978d746fdddabc9c3b2ff4,4,,,,,,,3,6,6,5,7,7,5,4,5,5,5,6,6,6,5,5,5,5,5,5,5,male,65,,188.88,,,,,,,,17.28,,,,41.49,17.42,,9.84,6.4,8.27,5.31,50.72,14.92,,5.89,6.2,5.14
220,2024-07-22 22:13:24,20,en,1954156190,2024-07-22 22:10:45,2024-07-22 22:13:24,https://app.prolific.com/,,,66978d746fdddabc9c3b2ff4,2,,,,,,,2,3,5,4,5,3,4,4,4,2,5,6,6,6,6,5,5,4,4,2,5,femal,30,,160.45,,,,,,,,8.62,,22.69,,,25.42,,12.28,4.72,5.83,6.7,46.13,17.73,,3.44,4.33,2.56
221,2024-07-22 22:12:18,20,en,604025617,2024-07-22 22:10:46,2024-07-22 22:12:18,https://app.prolific.com/,,,66978d746fdddabc9c3b2ff4,3,,,,,,,1,5,5,5,6,7,5,5,5,5,5,6,6,6,5,5,5,5,5,5,5,femal,24,,94.28,,,,,,,,7.99,,,26.55,,9.29,,6.49,3.79,5.69,3.45,13.88,7.62,,3.74,4.01,1.78
222,2024-07-22 22:14:25,20,en,1911408250,2024-07-22 22:10:49,2024-07-22 22:14:25,https://app.prolific.com/,,,66978d746fdddabc9c3b2ff4,1,,,,,,,1,6,6,5,7,6,5,5,5,5,5,6,6,6,5,5,5,5,5,4,5,femal,39,,202.09,,,,,,,,15.57,69.58,,,,14.42,,11.89,6.23,7.38,9.17,36.32,16.01,,3.78,7.07,4.67
223,2024-07-22 22:13:32,20,en,2052216158,2024-07-22 22:10:49,2024-07-22 22:13:32,https://app.prolific.com/,,,66978d746fdddabc9c3b2ff4,4,,,,,,,4,6,6,5,7,7,5,5,5,5,5,6,6,6,5,5,5,5,5,5,5,femal,26,,118.67,,,,,,,,7.86,,,,24.25,9.67,,8.46,4.07,4.96,3.77,29.51,12.81,,3.75,4.74,4.82
224,2024-07-22 22:13:09,20,en,344552543,2024-07-22 22:10:51,2024-07-22 22:13:09,https://app.prolific.com/,,,66978d746fdddabc9c3b2ff4,2,,,,,,,2,2,3,4,4,4,3,3,3,3,4,4,3,3,3,4,4,3,3,3,3,male,40,,134.75,,,,,,,,24.71,,47.43,,,7.07,,8.14,7.66,4.97,2.68,11.6,9.28,,3.33,4.83,3.05
225,2024-07-22 22:15:24,20,en,631455432,2024-07-22 22:10:53,2024-07-22 22:15:24,https://app.prolific.com/,,,66978d746fdddabc9c3b2ff4,4,,,,,,,4,5,6,5,6,6,4,4,4,4,5,6,6,6,4,5,5,5,4,3,5,male,54,,251.99,,,,,,,,42.01,,,,45.87,13.37,,18.16,6.99,10.58,10.85,58.21,27.01,,3.67,9.39,5.88
226,2024-07-22 22:16:30,20,en,711086272,2024-07-22 22:10:54,2024-07-22 22:16:30,https://app.prolific.com/,,,66978d746fdddabc9c3b2ff4,3,,,,,,,3,6,6,5,7,7,5,5,5,5,5,6,6,5,5,5,5,5,5,6,5,femal,51,,328.4,,,,,,,,28.47,,,140.66,,12.94,,11.6,10.39,5.66,8.54,45.38,42.4,,4.75,7.6,10.01
227,2024-07-22 22:13:48,20,en,1828517350,2024-07-22 22:10:55,2024-07-22 22:13:48,https://app.prolific.com/,,,66978d746fdddabc9c3b2ff4,2,,,,,,,2,6,6,5,7,7,5,5,5,5,5,6,6,6,5,5,5,5,5,4,5,male,51,,163.08,,,,,,,,10.83,,29.87,,,15.32,,8.43,5.81,5.42,5.48,48.32,20.27,,3.81,4.72,4.8
228,,15,en,335349378,2024-07-22 22:10:57,2024-07-22 22:12:45,https://app.prolific.com/,,,66978d746fdddabc9c3b2ff4,1,,,,,,,1,6,6,5,7,7,,,,,,,,,,,,,,,,,,,104.53,,,,,,,,5.72,27.45,,,,30.14,,9.53,14.48,9.86,7.35,,,,,,
229,2024-07-22 22:14:30,20,en,893312424,2024-07-22 22:11:00,2024-07-22 22:14:30,https://app.prolific.com/,,,66978d746fdddabc9c3b2ff4,4,,,,,,,4,6,6,5,7,7,5,5,5,5,5,3,3,5,5,5,5,5,5,5,5,male,49,,201.19,,,,,,,,20.64,,,,31.31,18.15,,11.03,7.68,8.61,22.9,34.15,18.05,,6.67,12.79,9.21
230,2024-07-22 22:14:54,20,en,1445657636,2024-07-22 22:11:00,2024-07-22 22:14:54,https://app.prolific.com/,,,66978d746fdddabc9c3b2ff4,4,,,,,,,4,6,6,5,7,7,5,5,5,5,5,6,6,6,5,5,5,5,5,5,5,femal,34,,222.28,,,,,,,,14.37,,,,35.64,14.15,,9.03,5.2,5.9,67.04,44.68,15.58,,3.98,2.86,3.85
231,2024-07-22 22:17:59,20,en,1120004044,2024-07-22 22:11:02,2024-07-22 22:17:59,https://app.prolific.com/,,,66978d746fdddabc9c3b2ff4,1,,,,,,,1,6,6,5,7,7,5,5,5,5,5,6,6,6,5,5,5,5,5,4,5,femal,49,,345.24,,,,,,,,53,53.16,,,,29.82,,16.42,9.33,12.25,11.3,82.02,44.54,,11.37,8.4,13.63
232,2024-07-22 22:14:42,20,en,1062240060,2024-07-22 22:11:04,2024-07-22 22:14:42,https://app.prolific.com/,,,66978d746fdddabc9c3b2ff4,4,,,,,,,3,6,6,5,7,7,5,5,5,5,5,5,5,5,5,4,5,4,4,4,4,male,30,,125,,,,,,,,10.06,,,,28.35,10.45,,8.12,6.76,4.22,17.24,12.7,15.72,,3.71,4.29,3.38
233,2024-07-22 22:12:55,20,en,458461613,2024-07-22 22:11:04,2024-07-22 22:12:55,https://app.prolific.com/,,,66978d746fdddabc9c3b2ff4,3,,,,,,,3,6,6,5,7,7,5,5,5,5,5,6,6,5,5,5,5,5,5,5,5,femal,23,,113.35,,,,,,,,9.1,,,21.79,,8.79,,7.71,4.67,4.14,3.84,25.73,16.84,,3.85,3.79,3.1
234,2024-07-22 22:14:58,20,en,1940087326,2024-07-22 22:11:05,2024-07-22 22:14:58,https://app.prolific.com/,,,66978d746fdddabc9c3b2ff4,3,,,,,,,4,6,6,5,7,7,5,5,5,5,5,6,6,6,5,5,5,5,5,5,5,femal,42,,229.48,,,,,,,,14.35,,,125.37,,12.14,,7.11,3.83,6.49,5.28,27.44,16.11,,3.48,4.66,3.22
235,2024-07-22 22:16:29,20,en,460523233,2024-07-22 22:11:06,2024-07-22 22:16:28,https://app.prolific.com/,,,66978d746fdddabc9c3b2ff4,4,,,,,,,3,6,6,5,7,7,5,5,5,6,6,6,6,6,6,5,5,5,5,5,5,femal,51,,301.74,,,,,,,,18.48,,,,29.87,31.9,,24.54,10.18,10.46,17.77,117.4,23.05,,4,8.09,6
236,2024-07-22 22:14:37,20,en,635678488,2024-07-22 22:11:08,2024-07-22 22:14:37,https://app.prolific.com/,,,66978d746fdddabc9c3b2ff4,1,,,,,,,1,6,6,5,7,7,5,5,5,5,5,6,6,6,5,5,5,5,5,5,5,femal,53,,157.89,,,,,,,,8.89,27.71,,,,11.04,,7.72,6.16,5.44,5.06,56.14,15.46,,4.53,6.52,3.22
237,2024-07-22 22:17:12,20,en,760576022,2024-07-22 22:11:08,2024-07-22 22:17:12,https://app.prolific.com/,,,66978d746fdddabc9c3b2ff4,3,,,,,,,3,6,6,5,7,6,4,5,5,4,6,6,6,3,4,5,5,5,4,3,5,male,30,,351.87,,,,,,,,42.03,,,52.34,,43.82,,16.65,16.99,14.88,13.07,98.95,37.02,,4.45,7.28,4.39
238,2024-07-22 22:13:38,20,en,1005628578,2024-07-22 22:11:12,2024-07-22 22:13:37,https://app.prolific.com/,,,66978d746fdddabc9c3b2ff4,4,,,,,,,4,6,6,5,7,7,5,5,5,5,5,6,6,5,5,5,5,5,5,5,5,male,53,,146.66,,,,,,,,18.35,,,,31.2,12.82,,8.84,5.74,10,5.71,28.72,11.03,,5.38,4.87,4
239,2024-07-22 22:14:53,20,en,27163953,2024-07-22 22:11:12,2024-07-22 22:14:53,https://app.prolific.com/,,,66978d746fdddabc9c3b2ff4,4,,,,,,,2,3,6,3,4,2,2,1,2,1,4,6,6,6,2,5,5,5,1,1,5,femal,27,,215.9,,,,,,,,14.85,,,,22.54,19.76,,36.05,9.83,11.22,7.09,60.78,17.88,,7.62,4.12,4.16
240,2024-07-22 22:14:19,20,en,301422117,2024-07-22 22:11:13,2024-07-22 22:14:19,https://app.prolific.com/,,,66978d746fdddabc9c3b2ff4,1,,,,,,,1,6,6,5,7,7,5,5,5,5,5,6,6,6,5,5,5,5,5,5,5,male,30,,167.59,,,,,,,,10.2,49.28,,,,6.32,,6.15,25.9,5.18,4.25,31.29,17.7,,3.8,4.81,2.71
241,2024-07-22 22:13:24,20,en,1999631073,2024-07-22 22:11:14,2024-07-22 22:13:24,https://app.prolific.com/,,,66978d746fdddabc9c3b2ff4,2,,,,,,,2,4,6,5,6,4,3,3,3,3,3,3,3,3,3,3,5,5,2,1,5,femal,25,,124.08,,,,,,,,12.74,,32.42,,,12.91,,13.31,4.82,5.81,5.12,10.17,12.42,,4.53,5.31,4.52
242,2024-07-22 22:13:15,20,en,1403704267,2024-07-22 22:11:15,2024-07-22 22:13:15,https://app.prolific.com/,,,66978d746fdddabc9c3b2ff4,1,,,,,,,1,6,6,5,7,7,5,5,5,4,4,5,5,5,5,4,4,4,4,4,4,male,19,,110.78,,,,,,,,9.9,22.71,,,,11.76,,9.15,3.27,5.97,5.36,14.41,13.69,,5.62,4.99,3.95
243,2024-07-22 22:14:26,20,en,774892177,2024-07-22 22:11:18,2024-07-22 22:14:26,https://app.prolific.com/,,,66978d746fdddabc9c3b2ff4,2,,,,,,,2,2,2,2,3,3,2,3,3,2,3,1,2,2,3,3,3,3,2,2,3,male,38,,159.96,,,,,,,,11.98,,39.68,,,8.8,,16.75,5.87,6.15,4.6,34.99,17.77,,5.25,4.8,3.32
244,2024-07-22 22:17:32,20,en,1473742352,2024-07-22 22:11:25,2024-07-22 22:17:32,https://app.prolific.com/,,,66978d746fdddabc9c3b2ff4,1,,,,,,,1,6,6,5,7,6,5,4,5,5,5,6,6,6,6,5,5,5,4,4,5,male,26,,341.25,,,,,,,,23.01,92.85,,,,18.59,,15.39,11.88,11.35,18.85,93.58,37.18,,5,6.23,7.34
245,2024-07-22 22:13:54,20,en,1626778090,2024-07-22 22:11:29,2024-07-22 22:13:54,https://app.prolific.com/,,,66978d746fdddabc9c3b2ff4,4,,,,,,,4,6,6,5,7,7,4,4,5,4,5,6,6,6,6,5,5,5,5,6,5,femal,28,,140.17,,,,,,,,8.18,,,,52.7,7.52,,8.3,4.22,5.75,3.71,23.5,15.75,,3.73,4.22,2.59
246,2024-07-22 22:15:20,20,en,1590585823,2024-07-22 22:11:29,2024-07-22 22:15:20,https://app.prolific.com/,,,66978d746fdddabc9c3b2ff4,4,,,,,,,4,6,6,5,7,6,5,5,4,4,6,6,6,6,6,5,5,5,4,6,5,male,57,,223.07,,,,,,,,12.53,,,,110.05,10.6,,8.75,3.76,4.38,4.1,34.86,22.63,,3.42,5.44,2.55
247,2024-07-22 22:14:36,20,en,1778401976,2024-07-22 22:11:31,2024-07-22 22:14:36,https://app.prolific.com/,,,66978d746fdddabc9c3b2ff4,4,,,,,,,4,4,6,5,6,5,4,4,4,4,5,6,6,6,4,5,5,5,4,4,5,femal,53,,184.29,,,,,,,,16.6,,,,33.47,14.55,,10.73,7.18,7.72,9.79,45.26,23.13,,4.38,4.47,7.01
248,2024-07-22 22:14:57,20,en,286680332,2024-07-22 22:11:33,2024-07-22 22:14:57,https://app.prolific.com/,,,66978d746fdddabc9c3b2ff4,3,,,,,,,3,5,6,4,6,6,3,4,4,4,4,6,6,3,3,5,5,5,4,3,5,male,44,,193.57,,,,,,,,24.92,,,55.76,,12.78,,10.15,6.91,5.92,6.63,37.96,18.35,,3.92,4.72,5.55
249,2024-07-22 22:14:07,20,en,132372802,2024-07-22 22:11:38,2024-07-22 22:14:07,https://app.prolific.com/,,,66978d746fdddabc9c3b2ff4,4,,,,,,,4,6,6,5,7,7,5,5,5,5,5,5,5,5,5,5,5,5,5,5,5,male,24,,147.78,,,,,,,,22.83,,,,21.37,16.77,,10.89,6.66,5.85,5.62,29.22,19.46,,3.94,3.09,2.08
250,2024-07-22 22:13:48,20,en,2054602923,2024-07-22 22:11:38,2024-07-22 22:13:48,https://app.prolific.com/,,,66978d746fdddabc9c3b2ff4,3,,,,,,,4,6,6,5,6,6,5,5,5,5,5,6,6,6,5,5,5,5,5,5,5,femal,59,,127.86,,,,,,,,11.37,,,35.41,,11.14,,6,4.6,5.47,4.33,26.86,12.05,,3.37,3.72,3.54
251,2024-07-22 22:16:26,20,en,1367500469,2024-07-22 22:11:38,2024-07-22 22:16:26,https://app.prolific.com/,,,66978d746fdddabc9c3b2ff4,2,,,,,,,2,6,6,5,7,7,5,5,5,5,5,6,6,6,5,5,5,5,5,3,5,femal,71,,262.48,,,,,,,,17.97,,31.59,,,34.92,,16.06,8.94,12.2,15.87,59.47,41.07,,5.43,7.48,11.48
252,2024-07-22 22:14:27,20,en,1408599537,2024-07-22 22:11:40,2024-07-22 22:14:27,https://app.prolific.com/,,,66978d746fdddabc9c3b2ff4,2,,,,,,,2,6,6,5,7,7,5,5,5,5,5,6,6,6,6,5,5,5,5,5,5,male,38,,159.44,,,,,,,,11.23,,32.93,,,11.75,,7.86,11.01,6.23,7.56,32.13,18.01,,6.67,5.89,8.17
253,2024-07-22 22:16:21,20,en,1308303810,2024-07-22 22:11:41,2024-07-22 22:16:21,https://app.prolific.com/,,,66978d746fdddabc9c3b2ff4,2,,,,,,,2,6,6,5,7,4,5,5,5,5,5,1,1,1,5,5,5,5,5,5,5,femal,43,,259.11,,,,,,,,21.89,,53.35,,,35.91,,23.8,7.87,6,15.43,48.95,25.94,,6.15,6.09,7.73
254,2024-07-22 22:14:31,20,en,998765661,2024-07-22 22:11:41,2024-07-22 22:14:31,https://app.prolific.com/,,,66978d746fdddabc9c3b2ff4,1,,,,,,,1,6,6,5,7,7,5,5,5,5,6,6,6,6,6,5,5,5,5,5,5,femal,33,,171.11,,,,,,,,5.85,22.88,,,,9.1,,5.81,3.79,4.05,3.3,76.58,28.81,,3.31,3.42,4.21
255,2024-07-22 22:17:09,20,en,1601019054,2024-07-22 22:11:43,2024-07-22 22:17:09,https://app.prolific.com/,,,66978d746fdddabc9c3b2ff4,3,,,,,,,4,6,6,5,7,7,1,1,1,1,1,3,3,2,2,5,5,5,4,5,5,male,44,,318.16,,,,,,,,32.21,,,53.58,,24.76,,23.86,9.77,10.93,7.22,61.67,52.09,,7.82,19.14,15.11
256,2024-07-22 22:13:04,20,en,457304126,2024-07-22 22:11:44,2024-07-22 22:13:04,https://app.prolific.com/,,,66978d746fdddabc9c3b2ff4,2,,,,,,,2,5,5,5,5,5,5,5,5,5,5,6,5,5,5,5,5,5,5,5,5,femal,32,,80.03,,,,,,,,2.36,,15.91,,,4.39,,7.42,5.26,4.23,3.57,14.35,7.53,,4.71,8.26,2.04
257,2024-07-22 22:14:25,20,en,46099281,2024-07-22 22:11:44,2024-07-22 22:14:25,https://app.prolific.com/,,,66978d746fdddabc9c3b2ff4,1,,,,,,,1,6,6,5,7,7,5,5,5,5,5,6,6,6,5,5,5,5,5,5,5,male,26,,154.72,,,,,,,,10.99,50.86,,,,11.15,,5.45,4.3,5.12,3.35,32.4,20.5,,3.29,3.59,3.72
258,2024-07-22 22:13:40,20,en,1540251540,2024-07-22 22:11:44,2024-07-22 22:13:40,https://app.prolific.com/,,,66978d746fdddabc9c3b2ff4,4,,,,,,,4,5,5,5,7,7,5,5,5,5,5,5,5,5,5,5,5,5,5,5,5,femal,57,,116.66,,,,,,,,5.14,,,,33.46,9.11,,7.98,6.03,6.68,4.75,17.75,7.72,,7.54,6.71,3.79
259,2024-07-22 22:21:13,20,en,895376694,2024-07-22 22:11:44,2024-07-22 22:21:13,https://app.prolific.com/,,,66978d746fdddabc9c3b2ff4,1,,,,,,,1,6,6,5,7,5,5,5,5,5,5,3,1,5,5,5,5,5,5,5,5,femal,29,,145.78,,,,,,,,12.82,23.83,,,,17.78,,7.99,4.6,9.6,9.07,32.88,14.33,,3.6,5.27,4.01
260,2024-07-22 22:13:53,20,en,767597920,2024-07-22 22:11:44,2024-07-22 22:13:52,https://app.prolific.com/,,,66978d746fdddabc9c3b2ff4,3,,,,,,,2,6,6,5,7,7,6,5,5,5,5,6,6,6,5,5,5,5,5,5,5,femal,28,,126.5,,,,,,,,13.23,,,25.16,,14.04,,7.75,6.28,4.82,6.53,27.02,10.33,,4.09,4.25,3
261,2024-07-22 22:14:00,20,en,10724281,2024-07-22 22:11:45,2024-07-22 22:14:00,https://app.prolific.com/,,,66978d746fdddabc9c3b2ff4,2,,,,,,,2,6,6,5,6,6,5,5,5,5,5,6,6,6,5,5,5,5,5,5,5,male,35,,125.29,,,,,,,,6.71,,28.4,,,16.36,,8.41,4.15,5.38,4.27,33.78,7.25,,4.01,3.7,2.87
262,2024-07-22 22:16:23,20,en,507075396,2024-07-22 22:11:45,2024-07-22 22:16:23,https://app.prolific.com/,,,66978d746fdddabc9c3b2ff4,4,,,,,,,4,6,6,5,7,7,5,5,5,5,5,5,5,5,5,5,5,5,5,5,5,male,54,,258.02,,,,,,,,13.13,,,,113.19,18.41,,11.6,6.49,7.9,7.15,40.39,21.08,,4.64,8.37,5.67
263,2024-07-22 22:13:52,20,en,1416824519,2024-07-22 22:11:46,2024-07-22 22:13:52,https://app.prolific.com/,,,66978d746fdddabc9c3b2ff4,4,,,,,,,4,6,6,5,7,7,5,5,5,5,5,6,6,5,5,5,5,5,5,5,5,femal,43,,127.45,,,,,,,,8.8,,,,30.69,10.67,,7.71,4.41,6.21,5.33,25.47,12.46,,5.03,5.73,4.94
264,2024-07-22 22:15:05,20,en,1085426941,2024-07-22 22:11:48,2024-07-22 22:15:05,https://app.prolific.com/,,,66978d746fdddabc9c3b2ff4,2,,,,,,,2,6,6,5,7,7,5,5,5,5,5,6,1,5,5,5,5,5,5,5,5,femal,32,,184.22,,,,,,,,10.01,,32.35,,,9.06,,9.84,5.93,11.21,6.66,53.33,28.08,,6.48,5.82,5.45
265,2024-07-22 22:14:41,20,en,1787690363,2024-07-22 22:11:48,2024-07-22 22:14:41,https://app.prolific.com/,,,66978d746fdddabc9c3b2ff4,2,,,,,,,2,6,6,5,7,7,6,6,6,5,5,1,2,2,5,5,5,5,5,5,5,femal,49,,171.14,,,,,,,,16.91,,51.82,,,7.15,,6.9,6.67,6.69,6.2,31.62,18.26,,5.87,6.47,6.58
266,2024-07-22 22:13:37,20,en,1712590597,2024-07-22 22:11:50,2024-07-22 22:13:37,https://app.prolific.com/,,,66978d746fdddabc9c3b2ff4,1,,,,,,,1,5,5,5,7,6,5,3,2,6,5,6,6,6,4,5,5,5,5,3,5,male,22,,107.56,,,,,,,,3.17,15.85,,,,15.08,,6.88,4.21,4.25,6.54,31.92,10.95,,2.77,3.45,2.49
267,2024-07-22 22:14:58,20,en,1752376334,2024-07-22 22:11:51,2024-07-22 22:14:58,https://app.prolific.com/,,,66978d746fdddabc9c3b2ff4,3,,,,,,,3,6,6,5,7,7,5,5,5,5,5,6,6,6,5,5,5,5,5,5,5,femal,41,,183.86,,,,,,,,8.12,,,48.31,,9.03,,18.09,5.69,8.55,6.21,33.96,30.57,,4.88,4.89,5.56
268,2024-07-22 22:15:54,20,en,1685059305,2024-07-22 22:11:51,2024-07-22 22:15:54,https://app.prolific.com/,,,66978d746fdddabc9c3b2ff4,4,,,,,,,4,6,6,5,7,7,5,5,5,5,5,6,6,6,5,6,5,5,5,5,5,femal,40,,235.16,,,,,,,,26.28,,,,64.38,13.74,,16.11,7.09,7.38,7.08,41.69,31.49,,5.87,5.9,8.15
269,2024-07-22 22:14:01,20,en,1302092997,2024-07-22 22:11:56,2024-07-22 22:14:01,https://app.prolific.com/,,,66978d746fdddabc9c3b2ff4,4,,,,,,,4,6,6,5,7,7,5,5,5,4,5,6,6,6,5,5,4,4,4,4,4,femal,33,,120.46,,,,,,,,7.56,,,,23.97,10.05,,5.79,4.83,6.63,4.55,20.66,20.29,,6.59,4.38,5.16
270,2024-07-22 22:14:48,20,en,1542936029,2024-07-22 22:11:59,2024-07-22 22:14:48,https://app.prolific.com/,,,66978d746fdddabc9c3b2ff4,2,,,,,,,2,3,4,4,6,5,4,4,4,3,4,6,6,6,4,4,4,4,4,4,4,femal,36,,163.94,,,,,,,,13.38,,44.46,,,8.69,,19.59,5.62,5.87,8.99,32.44,11.73,,3.85,5.92,3.4
271,2024-07-22 22:15:11,20,en,1289806188,2024-07-22 22:12:01,2024-07-22 22:15:11,https://app.prolific.com/,,,66978d746fdddabc9c3b2ff4,4,,,,,,,4,6,6,5,7,7,5,5,5,5,5,6,6,5,5,5,5,5,5,5,5,femal,38,,165.65,,,,,,,,15.92,,,,31.09,12.36,,11.9,7.72,7.57,7.36,40.48,16.55,,4.71,5.19,4.8
272,2024-07-22 22:14:35,20,en,622665471,2024-07-22 22:12:03,2024-07-22 22:14:35,https://app.prolific.com/,,,66978d746fdddabc9c3b2ff4,4,,,,,,,4,6,6,5,5,4,5,5,5,6,5,6,6,6,5,5,5,5,5,5,5,femal,23,,133.66,,,,,,,,11.51,,,,32.33,8.03,,6.95,3.93,8.12,6.92,31.45,12.74,,3.58,4.04,4.06
273,2024-07-22 22:16:16,20,en,739594515,2024-07-22 22:12:03,2024-07-22 22:16:16,https://app.prolific.com/,,,66978d746fdddabc9c3b2ff4,3,,,,,,,3,6,6,5,7,7,5,5,5,5,5,6,6,5,5,5,5,5,5,5,5,femal,41,,234.31,,,,,,,,14.44,,,26.02,,26.62,,10.07,7.03,6.31,12.31,69.32,47.11,,4.38,5.26,5.44
274,2024-07-22 22:16:09,20,en,1429119288,2024-07-22 22:12:04,2024-07-22 22:16:09,https://app.prolific.com/,,,66978d746fdddabc9c3b2ff4,3,,,,,,,4,6,6,5,7,7,5,5,5,5,5,6,6,6,5,5,5,5,5,5,5,male,51,,238.69,,,,,,,,14.69,,,76.79,,20.59,,12.34,4.16,5.9,10.54,55.58,28.13,,2.93,4.28,2.76
275,2024-07-22 22:14:27,20,en,1693778215,2024-07-22 22:12:06,2024-07-22 22:14:27,https://app.prolific.com/,,,66978d746fdddabc9c3b2ff4,2,,,,,,,2,6,6,5,7,5,5,5,5,5,5,6,6,6,5,5,5,5,5,5,5,male,48,,139.7,,,,,,,,10.18,,25.26,,,17.01,,8.42,5.17,5.56,8.05,27.73,17.79,,4.73,4.98,4.82
276,,15,en,492124549,2024-07-22 22:12:09,2024-07-22 22:14:05,https://app.prolific.com/,,,66978d746fdddabc9c3b2ff4,2,,,,,,,2,6,6,5,6,3,,,,,,,,,,,,,,,,,,,108.73,,,,,,,,10.79,,30.76,,,13.79,,9.22,6.8,16.25,21.12,,,,,,
277,2024-07-22 22:17:36,20,en,1466413878,2024-07-22 22:12:11,2024-07-22 22:17:36,https://app.prolific.com/,,,66978d746fdddabc9c3b2ff4,1,,,,,,,1,5,5,5,6,6,5,5,5,5,5,6,6,5,5,5,5,5,5,5,5,femal,45,,326.05,,,,,,,,117.72,134.17,,,,8.88,,6.27,5.36,4.77,4.65,19.8,10.73,,4.69,3.59,5.42
278,2024-07-22 22:14:25,20,en,356506398,2024-07-22 22:12:11,2024-07-22 22:14:25,https://app.prolific.com/,,,66978d746fdddabc9c3b2ff4,3,,,,,,,3,6,6,5,7,7,5,5,5,5,6,6,6,6,6,5,5,5,5,5,5,femal,37,,132.74,,,,,,,,13.17,,,36.32,,11.78,,7.31,5.18,5.44,4.64,23.23,13.04,,3.68,5.47,3.48
279,2024-07-22 22:15:50,20,en,1058889418,2024-07-22 22:12:11,2024-07-22 22:15:50,https://app.prolific.com/studies/66978d746fdddabc9c3b2ff4,,,66978d746fdddabc9c3b2ff4,2,,,,,,,2,5,6,5,7,7,5,5,5,5,5,6,6,6,6,5,5,5,5,5,5,femal,36,,217.16,,,,,,,,10.8,,47.33,,,7.25,,7.12,24.88,22.94,4.63,62.89,14.94,,4.81,5.42,4.15
280,2024-07-22 22:14:26,20,en,1863623482,2024-07-22 22:12:13,2024-07-22 22:14:26,https://app.prolific.com/,,,66978d746fdddabc9c3b2ff4,2,,,,,,,1,4,6,5,6,6,5,4,4,4,5,6,6,6,4,5,4,4,3,4,5,femal,34,,131.67,,,,,,,,11.03,,26.34,,,10.71,,10.18,4.79,4.82,4.89,27.41,19.92,,3.18,4.19,4.21
281,2024-07-22 22:14:22,20,en,2055566283,2024-07-22 22:12:13,2024-07-22 22:14:22,https://app.prolific.com/,,,66978d746fdddabc9c3b2ff4,3,,,,,,,4,6,6,5,7,7,5,5,5,5,5,6,6,6,5,5,5,5,5,5,5,male,47,,125.03,,,,,,,,2.27,,,36.88,,18.48,,8.17,3.9,5.75,4.35,23.64,9.75,,3.39,4.74,3.71
282,2024-07-22 22:14:00,20,en,633414027,2024-07-22 22:12:14,2024-07-22 22:14:00,https://app.prolific.com/,,,66978d746fdddabc9c3b2ff4,2,,,,,,,2,3,6,5,6,6,3,5,5,4,5,6,6,6,4,4,5,4,3,4,5,femal,28,,106.99,,,,,,,,7.68,,22.11,,,6.21,,5.89,4.59,5.48,4.21,25.75,13.17,,3.81,4.85,3.24
283,2024-07-22 22:16:01,20,en,569157494,2024-07-22 22:12:16,2024-07-22 22:16:01,https://app.prolific.com/,,,66978d746fdddabc9c3b2ff4,2,,,,,,,2,6,6,5,5,5,5,5,5,3,5,6,6,6,6,5,5,5,5,5,5,male,30,,221.32,,,,,,,,19.66,,21.75,,,12.21,,9.65,5.67,10.97,10.79,44.85,74.83,,3.07,4.38,3.49
284,2024-07-22 22:19:20,20,en,1615618226,2024-07-22 22:12:17,2024-07-22 22:19:20,https://app.prolific.com/,,,66978d746fdddabc9c3b2ff4,1,,,,,,,1,6,6,5,7,7,5,5,5,5,5,5,5,5,5,5,5,5,5,5,5,male,60,,411,,,,,,,,22.72,51.26,,,,13.84,,15.98,16.08,19.57,180.46,44.54,23.18,,7.63,9.35,6.39
285,2024-07-22 22:16:25,20,en,101667724,2024-07-22 22:12:18,2024-07-22 22:16:25,https://app.prolific.com/,,,66978d746fdddabc9c3b2ff4,4,,,,,,,4,6,6,5,6,6,5,5,5,5,5,6,6,5,5,5,5,5,5,4,5,male,37,,243.92,,,,,,,,42.72,,,,56.43,10.22,,17.91,6.09,7.48,9.38,58.86,19.21,,4.09,7.59,3.94
286,2024-07-22 22:15:21,20,en,1157237638,2024-07-22 22:12:18,2024-07-22 22:15:21,https://app.prolific.com/,,,66978d746fdddabc9c3b2ff4,4,,,,,,,4,6,6,5,7,7,5,5,5,5,5,5,6,5,5,5,5,5,5,5,5,male,42,,161.22,,,,,,,,15.03,,,,37.68,13.16,,6.88,6.01,6.28,5.5,31.49,18.08,,8.26,6.27,6.58
287,2024-07-22 22:15:11,20,en,589860848,2024-07-22 22:12:27,2024-07-22 22:15:11,https://app.prolific.com/,,,66978d746fdddabc9c3b2ff4,4,,,,,,,3,5,5,5,5,6,5,5,4,5,4,3,2,5,4,5,5,5,5,5,5,femal,39,,164.16,,,,,,,,12.06,,,,38.6,14.56,,7.9,7.88,5.86,8.55,27.58,21.42,,6.72,7.24,5.79
288,2024-07-22 22:15:44,20,en,1088246408,2024-07-22 22:12:37,2024-07-22 22:15:44,https://app.prolific.com/,,,66978d746fdddabc9c3b2ff4,1,,,,,,,2,6,6,5,7,7,5,5,5,5,5,6,6,5,5,5,5,5,5,5,5,femal,43,,185.94,,,,,,,,16.2,27.86,,,,24.2,,8.31,7.13,7.11,5.1,57.65,18.12,,3.52,4.92,5.82
289,2024-07-22 22:16:31,20,en,52161386,2024-07-22 22:13:13,2024-07-22 22:16:31,https://app.prolific.com/,,,66978d746fdddabc9c3b2ff4,4,,,,,,,4,6,6,5,7,7,5,5,5,5,5,6,6,5,5,5,5,5,5,5,5,femal,25,,193.11,,,,,,,,53.61,,,,33.67,9.01,,7.91,4.98,4.84,5.79,32.8,24.03,,2.33,10.85,3.29
290,,10,en,866625876,2024-07-22 22:14:09,2024-07-22 22:16:07,https://app.prolific.com/,,,66978d746fdddabc9c3b2ff4,3,,,,,,,,,,,,,,,,,,,,,,,,,,,,,,,104.11,,,,,,,,19.12,,,84.99,,,,,,,,,,,,,
291,2024-07-22 22:20:20,20,en,782769185,2024-07-22 22:15:18,2024-07-22 22:20:20,https://app.prolific.com/,,,66978d746fdddabc9c3b2ff4,2,,,,,,,2,5,5,5,6,6,5,5,5,5,5,2,2,3,5,5,5,5,5,5,5,femal,28,,280.03,,,,,,,,55.31,,44.92,,,26.93,,15.13,12.23,11.44,7.9,65.49,22.55,,7.2,5.48,5.45
292,2024-07-22 22:21:03,20,en,2083649582,2024-07-22 22:17:08,2024-07-22 22:21:03,https://app.prolific.com/,,,66978d746fdddabc9c3b2ff4,3,,,,,,,3,5,6,5,7,6,5,5,4,5,5,6,6,5,5,4,5,5,5,3,5,male,61,,236.67,,,,,,,,4.38,,,53.88,,7.4,,25.18,18.16,14.21,8.91,49.67,36.79,,5.5,6.85,5.74
293,2024-07-22 22:21:05,20,en,96156381,2024-07-22 22:19:19,2024-07-22 22:21:05,https://app.prolific.com/,,,66978d746fdddabc9c3b2ff4,2,,,,,,,2,6,6,5,7,7,5,5,5,5,5,6,6,6,6,5,5,5,5,5,5,male,32,,105.01,,,,,,,,6.76,,23.8,,,8.17,,7,3.3,4.96,4.75,22.05,14.61,,3.03,3.65,2.93
294,2024-07-22 22:28:51,20,en,1170331478,2024-07-22 22:26:31,2024-07-22 22:28:51,https://app.prolific.com/,,,66978d746fdddabc9c3b2ff4,1,,,,,,,1,6,6,5,7,7,5,5,3,5,5,1,6,6,4,4,5,5,4,4,4,femal,25,,142.07,,,,,,,,2.48,10.8,,,,6.55,,5.4,4.52,4.66,19.23,33.81,36.65,,4.34,9.17,4.46
295,2024-07-22 22:33:38,20,en,1939141431,2024-07-22 22:31:38,2024-07-22 22:33:38,https://app.prolific.com/,,,66978d746fdddabc9c3b2ff4,1,,,,,,,1,6,6,5,7,6,5,5,4,4,5,6,6,6,5,5,5,5,5,5,5,femal,42,,117.04,,,,,,,,9.5,23.99,,,,8.97,,4.81,5.27,5.05,6.62,33.08,9.99,,2.72,4.09,2.95
296,2024-07-22 22:57:54,20,en,216212822,2024-07-22 22:40:18,2024-07-22 22:57:54,https://app.prolific.com/,,,66978d746fdddabc9c3b2ff4,1,,,,,,,1,6,6,5,7,7,5,5,5,5,5,6,6,5,5,5,5,5,5,5,5,femal,30,,1053.88,,,,,,,,712.04,41.75,,,,10.09,,5.46,5.29,11.42,5.74,241.75,8.43,,4.45,3.81,3.65
297,2024-07-22 22:48:17,20,en,1639938525,2024-07-22 22:45:32,2024-07-22 22:48:17,https://app.prolific.com/,,,66978d746fdddabc9c3b2ff4,1,,,,,,,1,5,5,5,6,6,5,5,5,5,5,6,6,6,6,5,5,5,5,5,5,femal,28,,162.53,,,,,,,,8.66,32.79,,,,12.22,,37.52,4.1,4.49,3.06,33.94,13.54,,4.53,4.51,3.17
298,2024-07-22 23:02:21,20,en,1552352038,2024-07-22 22:49:20,2024-07-22 23:02:21,https://app.prolific.com/,,,66978d746fdddabc9c3b2ff4,1,,,,,,,3,6,6,5,6,6,5,5,5,5,5,3,4,5,5,5,5,5,5,5,5,femal,30,,783.46,,,,,,,,491.62,34.47,,,,12.64,,8.67,6.43,4.98,5.86,16.93,102.85,,25.74,64.53,8.74
